IME,spol,Num1992,Num1993,Num1994,Num1995,Num1996,Num1997,Num1998,Num1999,Num2000,Num2001,Num2002,Num2003,Num2004,Num2005,Num2006,Num2007,Num2008,Num2009,Num2010,Num2011,Num2012,Num2013,Num2014,Num2015,Num2016,Num2017,Num2018,Num2019,Num2020,Num2021,Num2022
Adam,deček,-,12,8,7,-,-,11,9,13,10,9,13,7,7,12,21,22,17,23,25,36,36,51,29,65,57,70,74,68,68,62
Adel,deček,-,-,-,-,-,-,-,-,-,-,-,-,-,-,9,10,10,-,-,-,6,-,6,5,5,-,-,-,-,-,-
Adem,deček,-,-,-,-,-,-,-,-,-,-,-,-,-,-,-,-,-,-,-,-,-,-,-,7,-,-,-,-,-,-,-
Adi,deček,-,-,-,-,-,-,-,-,-,-,-,-,-,-,-,-,-,-,-,-,-,-,-,-,-,-,-,5,5,-,5
Adian,deček,-,-,-,-,-,-,-,-,-,-,-,-,-,-,-,-,-,-,-,6,-,9,14,10,11,12,12,11,19,25,18
Adijan,deček,-,-,-,-,-,-,-,-,-,-,-,-,-,-,-,-,-,-,-,-,-,-,-,-,7,-,-,-,-,6,-
Adin,deček,-,-,-,-,-,-,-,-,-,-,-,-,-,-,-,-,6,7,10,14,10,13,13,20,11,21,17,16,19,16,17
Adis,deček,-,-,6,-,-,-,-,5,-,5,-,5,-,-,-,7,7,-,-,-,-,-,-,-,-,-,-,-,-,-,-
Adnan,deček,7,-,8,8,8,-,-,5,7,-,6,-,6,6,-,6,-,8,12,12,-,-,7,-,-,-,-,-,-,-,-
Adrian,deček,-,-,-,-,-,-,10,5,11,-,7,9,13,9,10,7,18,9,15,18,24,25,22,17,20,10,12,26,15,24,16
Adriano,deček,-,-,-,-,-,-,-,-,-,-,-,-,-,-,-,-,-,6,-,-,-,-,-,-,-,-,-,-,-,-,-
Adrijan,deček,-,-,-,-,-,-,10,14,-,8,-,5,-,-,7,7,-,6,-,7,-,7,6,7,5,7,-,8,7,7,-
Ahmed,deček,-,-,-,-,-,-,-,-,-,-,-,-,-,-,-,-,-,-,6,-,-,-,-,5,5,7,9,8,8,10,15
Aid,deček,-,-,-,-,-,-,-,-,-,-,-,-,-,5,-,-,-,-,-,-,-,-,8,-,-,5,-,6,-,5,-
Ajan,deček,-,-,-,-,-,-,-,-,-,-,-,-,-,-,-,-,-,-,-,-,5,8,6,7,9,8,9,-,9,7,13
Ajas,deček,-,-,-,-,-,-,-,-,-,-,-,-,-,-,-,-,-,-,-,-,-,-,-,-,-,-,-,-,-,5,-
Ajdin,deček,-,-,-,-,-,-,6,-,-,-,6,5,5,-,11,9,12,11,17,13,19,11,10,10,13,10,6,6,8,10,10
Ajlan,deček,-,-,-,-,-,-,-,-,-,-,-,-,-,-,-,-,-,-,-,-,-,-,-,-,11,17,11,16,8,7,15
Ajnur,deček,-,-,-,-,-,-,-,-,-,-,-,-,-,-,-,-,-,-,-,-,5,8,-,-,5,-,-,-,9,8,11
Aksel,deček,-,-,-,-,-,-,-,-,-,-,-,-,-,-,-,-,-,-,-,-,-,-,-,-,-,-,5,-,-,-,-
Alan,deček,11,-,10,11,7,-,6,6,8,13,6,9,9,6,9,-,8,10,9,6,15,6,16,9,-,13,9,7,-,5,7
Albert,deček,-,-,-,-,-,-,-,-,-,-,-,-,-,-,-,-,-,-,-,-,-,5,-,-,-,7,-,-,-,-,-
Aldin,deček,-,-,-,-,-,-,-,-,7,5,-,11,-,9,-,7,5,8,-,6,-,5,9,11,9,8,-,7,-,-,-
Aleks,deček,22,25,22,21,30,26,29,25,47,54,46,39,51,56,46,56,62,68,81,80,82,101,73,72,86,85,74,67,85,56,53
Aleksa,deček,-,-,-,-,-,-,-,-,-,-,-,-,-,-,-,5,-,-,-,6,-,-,-,6,-,8,7,8,5,7,8
Aleksandar,deček,16,20,16,12,12,12,8,19,15,11,13,6,7,8,9,12,9,15,17,11,14,17,23,13,14,9,17,16,14,7,10
Aleksander,deček,60,51,55,49,40,40,29,39,43,42,26,29,39,49,37,29,50,36,51,32,44,48,47,52,39,45,43,30,35,35,35
Aleksej,deček,-,-,-,6,-,-,-,-,-,5,5,8,8,13,14,18,21,27,43,40,44,41,45,57,38,60,42,45,64,51,52
Alem,deček,-,-,-,-,-,-,-,-,-,-,-,-,-,-,-,-,-,-,-,6,7,-,-,-,8,-,-,-,-,-,-
Alen,deček,145,112,118,96,100,118,95,110,108,129,115,97,83,66,77,72,53,55,53,55,35,35,49,31,22,37,22,19,16,18,14
Aleš,deček,145,114,111,100,84,76,54,38,46,40,25,24,22,17,12,13,10,15,10,9,15,7,10,-,7,-,-,-,5,-,-
Alex,deček,7,7,6,21,21,11,13,18,21,26,20,28,28,38,43,46,50,46,41,46,48,43,49,36,40,34,40,30,26,30,29
Alexander,deček,-,8,-,-,-,-,-,5,-,-,-,-,-,-,-,-,10,6,5,5,5,7,13,5,5,13,-,6,-,-,-
Ali,deček,-,-,-,-,-,-,-,-,-,-,-,-,6,-,-,9,12,9,7,14,10,16,15,12,7,13,12,16,21,15,16
Aljaž,deček,143,142,175,158,173,170,210,191,211,187,206,183,209,181,171,186,182,207,158,151,167,144,108,100,103,73,85,85,54,51,40
Aljoša,deček,44,35,41,29,30,33,27,26,27,25,31,22,20,25,22,11,13,14,18,13,17,17,16,12,8,6,13,9,6,7,5
Almin,deček,-,-,-,-,-,-,-,-,-,-,-,-,-,-,-,-,6,-,6,-,-,-,-,-,7,-,-,5,-,-,-
Almir,deček,-,6,-,-,-,-,-,-,-,-,-,-,-,-,-,-,-,5,5,-,-,-,-,-,-,-,-,-,-,-,-
Amadej,deček,10,6,14,25,22,13,29,35,21,26,22,20,25,16,29,32,26,32,36,16,24,21,21,13,16,9,15,27,14,17,13
Amai,deček,-,-,-,-,-,-,-,-,-,-,-,-,-,-,-,-,-,-,-,-,-,-,-,-,-,-,-,-,-,-,5
Amar,deček,-,-,-,-,-,-,-,6,-,7,8,12,7,10,-,13,13,10,21,19,20,20,26,19,22,22,22,32,25,28,23
Ambrož,deček,-,7,12,9,14,-,9,13,7,13,10,17,12,15,11,11,8,9,11,17,12,17,14,9,12,7,7,7,10,10,17
Amel,deček,-,-,-,-,-,-,-,-,-,-,-,-,5,-,5,6,-,-,-,-,-,-,-,-,-,-,-,-,7,-,-
Amer,deček,-,-,-,-,-,-,-,-,-,-,-,-,-,-,-,-,-,-,-,-,-,-,-,-,-,-,-,-,-,-,6
Amin,deček,-,-,-,-,-,-,-,-,-,-,-,-,-,-,-,-,-,-,-,5,-,-,5,-,-,-,-,-,-,-,-
Amir,deček,-,-,-,-,7,7,-,-,5,-,5,-,8,-,-,-,5,5,-,-,-,-,-,-,8,-,-,-,-,-,-
Ammar,deček,-,-,-,-,-,-,-,-,-,-,-,-,-,-,5,-,-,6,5,-,6,-,9,5,10,7,6,-,-,7,5
An,deček,-,-,-,-,-,-,-,-,-,-,-,-,-,-,-,-,5,-,-,-,-,-,-,-,-,-,-,-,-,-,-
Andi,deček,-,-,-,-,-,-,-,-,-,-,-,-,-,-,-,-,-,-,-,-,-,-,-,-,-,5,-,-,-,6,-
Andraž,deček,98,97,75,80,111,127,120,121,116,109,101,84,72,67,85,75,62,68,72,62,52,63,43,52,44,44,36,33,33,22,17
Andreas,deček,-,6,-,-,-,-,-,-,-,-,-,-,-,-,-,-,-,-,-,-,-,-,-,-,-,-,-,-,-,-,-
Andrej,deček,130,122,119,106,86,79,64,59,64,42,33,52,34,35,34,35,25,40,27,31,35,39,30,28,26,30,17,21,33,24,18
Anej,deček,17,19,10,18,11,16,25,23,39,39,48,76,94,119,124,153,127,109,137,126,114,106,100,77,99,93,89,67,72,67,59
Anel,deček,-,-,-,-,-,-,-,6,5,-,7,-,7,6,6,8,7,14,12,6,13,10,9,9,9,8,8,6,-,-,5
Anes,deček,-,-,-,-,-,-,-,7,-,-,5,6,-,10,8,9,7,7,5,11,5,-,-,5,-,7,6,-,9,-,-
Anis,deček,-,-,-,-,-,-,-,-,-,-,-,-,-,-,7,6,5,7,5,5,5,8,-,-,-,-,5,-,-,-,6
Anton,deček,17,13,11,17,8,13,8,5,11,10,9,-,-,-,-,6,-,-,-,-,5,-,-,-,-,-,-,5,5,5,-
Antonio,deček,-,-,-,-,-,-,-,10,-,-,6,-,5,9,-,-,-,-,-,-,-,-,5,7,-,6,5,5,-,-,-
Anuar,deček,-,-,-,-,-,-,-,-,-,-,-,-,-,-,-,-,-,-,-,-,-,-,-,5,5,13,-,5,5,-,-
Anže,deček,149,134,136,135,161,168,151,151,119,142,131,138,140,136,148,191,176,183,170,189,191,162,197,164,135,122,113,105,80,85,62
Anžej,deček,-,-,6,-,-,-,-,-,-,-,-,-,8,18,8,8,-,7,-,-,-,-,-,-,-,-,-,-,-,-,-
Aras,deček,-,-,-,-,-,-,-,-,-,-,-,-,-,-,-,-,-,-,-,-,-,-,-,-,-,-,-,-,-,-,5
Arian,deček,-,-,-,-,-,-,-,-,-,-,-,-,-,-,-,8,-,9,-,5,10,5,9,10,9,10,17,-,17,7,8
Arijan,deček,-,-,-,-,-,-,-,-,-,-,-,-,-,-,-,-,-,-,-,-,-,-,-,-,5,-,5,-,-,-,-
Aris,deček,-,-,-,-,-,-,-,-,-,-,-,-,-,-,-,-,-,-,-,-,-,-,-,-,-,-,-,-,6,5,-
Arman,deček,-,-,-,-,-,-,-,-,-,-,-,-,-,-,-,-,-,-,-,-,-,-,-,-,-,-,-,-,-,-,7
Armin,deček,14,10,13,17,13,-,-,9,9,10,6,9,-,5,6,8,-,8,5,5,5,5,12,7,10,5,11,-,5,5,6
Arne,deček,-,-,-,-,-,-,-,5,-,8,5,6,7,10,18,11,8,22,21,19,10,13,20,18,12,19,20,18,11,17,8
Arnej,deček,-,-,-,-,-,-,-,-,-,-,-,-,-,-,-,-,-,-,-,-,-,-,-,-,-,-,-,5,-,-,-
Arnel,deček,-,-,-,-,-,-,-,-,-,-,-,-,-,-,-,-,-,-,-,-,-,-,-,-,-,-,-,-,5,-,-
Arnes,deček,-,-,-,-,-,-,-,-,-,-,-,-,-,-,-,-,-,-,5,-,-,-,-,-,-,-,-,5,-,-,-
Aron,deček,-,-,-,-,-,-,-,-,-,-,-,-,-,-,-,-,5,-,-,8,-,7,-,9,11,7,14,8,12,21,10
Arslan,deček,-,-,-,-,-,-,-,-,-,-,-,-,-,-,-,-,-,-,-,-,-,-,-,-,-,5,-,8,-,6,-
Art,deček,-,-,-,-,-,-,-,-,-,-,-,-,-,-,-,-,-,-,-,-,-,-,-,-,-,-,-,-,-,-,7
Artur,deček,-,-,-,-,-,-,-,-,-,-,-,-,-,-,-,-,-,-,-,-,-,-,-,-,-,-,5,-,8,-,10
Ažbe,deček,-,-,-,-,-,-,-,-,6,-,6,-,12,13,44,46,39,45,42,29,24,25,26,36,21,39,23,20,23,27,18
Aylan,deček,-,-,-,-,-,-,-,-,-,-,-,-,-,-,-,-,-,-,-,-,-,-,-,-,7,7,-,-,-,-,-
Bastian,deček,-,-,-,-,-,-,-,-,-,-,-,-,-,-,-,-,-,-,5,-,-,-,-,-,-,-,-,-,-,-,-
Belmin,deček,-,-,-,-,-,-,-,5,-,-,-,-,-,-,-,-,-,-,-,-,-,-,-,-,-,-,-,-,-,-,-
Ben,deček,-,-,-,-,-,-,-,-,-,-,-,-,-,-,-,-,-,-,6,-,-,-,-,-,-,-,-,5,-,-,-
Benjamin,deček,47,58,48,63,52,80,68,66,69,64,52,50,57,48,62,38,63,56,75,54,54,66,46,51,37,41,59,47,43,49,39
Beno,deček,-,-,-,-,-,-,-,5,-,6,-,-,6,6,-,6,6,-,-,-,-,-,-,-,-,-,-,-,-,-,-
Bernard,deček,-,-,-,8,-,-,-,-,5,-,-,-,-,-,-,-,-,-,-,-,-,-,-,5,-,-,-,-,-,-,-
Bert,deček,-,-,-,-,-,-,-,-,-,-,-,-,-,-,5,-,-,-,-,-,-,-,-,6,6,-,6,-,-,-,-
Bine,deček,7,-,7,-,-,8,9,10,5,11,7,9,9,14,22,20,18,20,34,26,32,44,62,62,79,53,69,54,82,92,88
Blaž,deček,239,271,242,263,204,205,187,189,187,160,157,136,111,111,126,101,93,112,89,93,90,79,68,47,51,34,46,28,23,21,11
Bleart,deček,-,-,-,-,-,-,-,-,-,-,-,-,-,-,-,-,-,-,-,-,-,5,-,-,-,-,-,-,-,-,-
Bojan,deček,30,21,21,14,13,7,7,7,11,6,-,7,6,6,-,6,5,5,-,7,-,9,-,-,-,5,-,-,-,-,-
Bor,deček,7,7,11,12,11,18,19,29,31,28,34,30,34,49,47,56,62,80,68,68,66,58,60,50,67,63,57,73,55,68,51
Boris,deček,24,17,16,19,15,-,6,12,7,6,-,-,-,6,-,-,-,6,6,-,-,6,5,-,-,-,-,-,-,-,-
Borut,deček,32,19,30,24,20,10,12,9,10,6,8,13,9,8,-,-,-,-,-,-,-,-,-,-,-,-,-,-,-,-,-
Boštjan,deček,71,67,47,42,21,28,30,26,12,14,11,-,5,6,6,6,-,-,6,-,-,-,-,-,-,-,-,-,-,-,-
Branko,deček,-,9,6,-,-,-,6,-,-,-,-,-,-,-,-,-,-,-,-,-,-,-,-,-,-,-,-,-,-,-,-
Brin,deček,-,-,-,-,-,-,-,-,9,-,-,10,5,14,19,15,26,21,27,29,33,28,36,34,30,32,53,41,56,76,57
Bruno,deček,-,-,-,-,-,-,-,-,-,-,-,-,-,-,-,5,-,5,5,-,-,-,-,-,-,-,-,-,-,5,-
Cene,deček,-,-,-,-,-,-,-,-,-,-,-,-,-,-,5,-,-,-,5,-,5,8,6,6,10,8,11,10,10,11,16
Christian,deček,8,-,-,7,-,-,-,-,-,-,-,-,-,-,-,-,-,-,-,-,-,-,-,-,-,-,-,-,-,-,-
Èrt,deček,10,10,-,7,15,10,6,7,10,11,9,14,12,18,10,18,23,11,9,17,13,13,14,14,22,15,17,19,24,17,20
Èrtomir,deček,-,-,-,-,-,-,-,-,-,-,-,-,-,-,-,7,-,-,-,-,-,-,-,-,-,-,-,-,-,-,-
Dajlan,deček,-,-,-,-,-,-,-,-,-,-,-,-,-,-,-,-,-,-,-,-,-,-,-,-,-,-,5,-,-,-,-
Damijan,deček,-,-,-,-,-,-,-,-,-,5,-,-,-,-,-,-,-,-,-,-,-,-,-,-,-,-,-,-,-,-,-
Damir,deček,14,10,13,9,8,10,-,-,7,5,7,-,-,10,7,-,5,-,-,-,6,-,-,-,-,-,-,-,-,-,-
Damjan,deček,31,30,38,21,22,23,22,10,10,8,7,9,8,-,7,-,6,10,-,7,6,-,7,5,-,-,6,7,10,5,-
Dan,deček,-,-,-,-,-,-,-,-,6,5,-,7,-,10,7,8,10,5,9,12,-,6,10,-,-,7,5,5,8,13,6
Dane,deček,-,-,-,-,-,-,-,-,-,-,-,-,-,-,-,-,-,-,-,-,-,-,-,-,-,-,-,-,-,-,6
Dani,deček,-,7,-,-,-,8,-,-,-,-,5,-,-,-,-,-,-,-,-,-,-,7,-,-,-,5,12,9,22,26,18
Daniel,deček,18,15,13,18,14,16,13,8,9,16,13,9,6,8,10,7,13,12,9,12,8,5,8,10,-,5,5,8,6,5,-
Danijel,deček,47,38,23,33,22,23,14,15,16,21,19,11,13,-,8,15,12,15,6,8,8,6,9,6,6,7,8,-,8,-,-
Danilo,deček,-,-,-,-,-,-,-,-,-,-,-,-,-,-,-,-,-,5,-,-,-,-,5,-,-,-,-,-,5,6,-
Dante,deček,-,-,-,-,-,-,-,-,-,-,-,-,-,-,-,-,-,-,-,-,-,-,-,-,-,-,-,-,5,5,5
Dario,deček,-,6,-,-,-,7,-,8,6,-,7,6,-,-,-,-,-,-,-,6,-,-,-,-,6,-,-,-,-,-,-
Daris,deček,-,-,-,-,-,-,-,-,-,-,-,-,-,-,-,5,-,-,7,8,11,19,17,14,15,26,17,18,25,19,17
Darjan,deček,-,8,-,-,-,-,-,-,-,-,-,-,-,-,-,-,-,-,-,-,-,-,-,-,-,-,-,-,-,-,-
Darko,deček,18,18,19,14,9,-,8,-,7,-,6,-,5,-,-,-,-,-,-,-,-,-,-,-,-,-,-,-,-,-,-
David,deček,255,217,178,227,195,185,214,202,179,189,176,163,137,171,167,156,151,158,180,176,186,184,171,168,128,132,113,129,102,89,89
Davor,deček,23,21,19,26,16,12,16,21,10,11,10,8,7,7,-,-,-,-,6,6,7,-,-,-,-,6,-,-,5,-,-
Davorin,deček,14,14,15,11,8,-,8,11,-,-,-,-,-,-,-,-,-,-,-,-,-,-,-,-,-,-,-,-,-,-,-
Davud,deček,-,-,-,-,-,-,-,-,-,-,-,-,-,-,-,-,-,-,5,-,-,7,9,15,11,19,12,10,12,14,13
Dean,deček,9,-,-,-,-,-,-,-,-,-,-,-,5,-,-,-,-,-,-,-,-,-,-,-,-,-,-,-,-,-,-
Dejan,deček,140,109,107,78,74,67,50,55,39,52,39,38,31,22,29,21,26,17,22,11,12,17,16,11,10,8,7,8,-,7,-
Deni,deček,7,7,-,7,-,-,-,-,-,-,-,-,-,-,-,-,-,-,-,-,-,-,-,-,-,-,-,-,-,-,-
Denial,deček,-,-,-,-,-,-,-,-,-,-,-,-,-,-,-,-,-,-,-,-,-,13,6,-,-,-,-,-,-,-,-
Denis,deček,204,174,147,119,121,105,105,74,82,69,54,65,62,42,42,24,32,26,36,25,19,17,15,18,15,12,13,9,10,9,-
Dian,deček,-,-,-,-,-,-,-,-,-,-,-,-,-,-,-,-,-,-,-,-,-,-,-,-,-,-,-,-,-,5,-
Diar,deček,-,-,-,-,-,-,-,-,-,-,-,-,-,-,-,-,-,-,-,-,-,-,10,6,-,7,-,6,5,-,-
Dimitrij,deček,-,-,-,-,-,-,-,-,-,-,-,-,-,-,-,-,-,-,-,-,-,-,-,-,-,-,-,6,-,-,-
Din,deček,-,-,-,-,-,-,-,-,-,-,7,-,8,5,15,18,8,10,14,22,12,13,12,8,8,8,18,14,19,16,20
Dino,deček,11,17,11,11,15,-,10,17,7,14,17,6,11,16,8,10,18,15,5,12,5,6,9,-,9,6,6,6,12,6,12
Dion,deček,-,-,-,-,-,-,-,-,-,-,-,-,-,-,-,-,-,-,-,-,-,-,-,5,-,-,-,6,7,-,6
Domen,deček,116,143,130,154,134,136,148,160,130,132,141,121,99,112,95,85,81,71,65,56,65,51,53,38,52,48,49,43,31,35,26
Dominik,deček,34,49,35,41,46,54,49,27,34,31,36,22,23,26,22,29,34,19,27,42,30,41,26,26,31,28,23,21,23,15,14
Dorian,deček,-,-,-,-,-,-,6,-,-,-,-,-,-,-,5,-,5,7,12,-,7,13,5,-,9,-,-,12,8,5,7
Dragan,deček,12,-,-,6,-,-,-,-,-,-,-,-,-,-,-,-,-,-,-,-,-,-,-,-,-,-,-,-,-,-,-
Drago,deček,-,-,8,-,-,-,-,-,-,-,-,-,-,-,-,-,-,-,-,-,-,-,-,-,-,-,-,-,-,-,-
Drejc,deček,-,-,-,-,-,-,-,-,-,5,7,7,6,-,5,7,12,6,9,7,8,6,6,-,5,6,5,11,-,-,11
Dušan,deček,11,10,-,-,10,-,-,6,-,5,-,-,-,-,-,-,-,-,-,-,-,-,-,5,-,-,5,-,5,-,-
Džan,deček,-,-,-,-,-,-,-,-,-,-,-,-,-,-,-,-,-,-,-,-,-,-,-,-,-,6,6,6,8,10,19
Edi,deček,-,-,-,-,-,-,-,7,-,-,-,-,-,-,-,-,-,7,-,5,-,-,-,5,-,-,-,9,5,-,-
Edin,deček,-,9,7,-,10,-,6,6,5,5,9,8,5,-,10,5,8,10,-,-,8,8,6,7,6,-,-,-,6,-,8
Edis,deček,-,-,-,-,-,-,-,-,-,-,-,-,-,-,-,-,5,-,-,-,-,-,-,-,-,-,-,-,-,-,-
Edvard,deček,-,-,-,-,-,-,-,-,-,-,-,-,-,-,-,-,-,-,-,-,-,-,-,-,-,-,-,6,5,-,-
Edvin,deček,-,-,-,-,-,7,-,-,-,-,-,-,7,-,-,-,11,9,-,-,-,5,-,-,-,-,-,-,-,-,-
Eldar,deček,-,-,-,-,-,-,-,-,-,-,-,-,-,-,-,-,-,-,-,-,5,6,-,-,-,6,-,-,-,-,-
Eldin,deček,-,-,-,-,-,-,-,-,-,-,-,-,-,-,-,-,-,-,5,6,-,-,-,5,-,-,-,-,-,-,-
Elias,deček,-,-,-,-,-,-,-,-,-,-,-,-,-,-,-,-,-,-,-,-,-,-,6,-,-,7,-,7,9,13,-
Elija,deček,-,-,-,-,-,-,-,-,-,-,-,-,-,-,-,-,-,-,-,-,-,-,-,-,-,-,5,-,-,8,6
Elmin,deček,-,-,-,-,-,-,-,-,-,-,-,-,-,-,5,-,-,-,-,-,5,-,-,-,-,-,-,-,-,-,-
Elvin,deček,-,-,-,-,-,-,-,-,-,-,-,-,-,-,-,6,-,-,-,-,-,10,-,-,-,5,-,-,-,-,-
Elvis,deček,16,14,11,-,11,11,8,10,-,-,-,-,8,-,-,-,5,-,-,-,-,-,-,-,-,-,-,-,-,-,-
Eman,deček,-,-,-,-,-,-,-,-,-,-,-,-,-,-,-,-,5,5,8,5,7,7,17,14,10,20,15,14,17,18,13
Emanuel,deček,-,-,7,7,-,-,8,-,6,-,6,6,7,8,11,8,6,5,12,-,14,5,6,5,-,5,-,-,6,8,-
Emil,deček,7,7,-,-,-,-,-,-,5,-,-,-,-,-,5,6,9,7,10,8,6,7,-,-,-,13,9,9,5,9,13
Emin,deček,-,-,-,-,-,-,-,-,-,-,-,-,-,-,-,6,-,-,-,-,-,6,5,7,11,-,6,-,-,6,-
Emir,deček,9,-,-,-,-,-,-,-,5,-,5,-,5,-,5,6,7,-,-,-,-,6,11,8,6,9,17,16,10,11,8
Emrah,deček,-,-,-,-,-,-,-,-,-,-,-,-,-,-,-,-,-,-,-,-,5,-,-,-,-,-,-,-,-,5,-
Enej,deček,11,8,10,8,10,8,11,10,19,24,31,40,45,75,77,75,77,79,68,62,60,66,61,49,52,48,43,35,35,32,20
Enes,deček,-,-,-,-,-,-,-,-,-,-,-,-,-,-,-,-,-,-,-,-,-,5,-,-,-,-,-,-,-,-,5
Enis,deček,-,-,-,-,-,-,-,-,-,-,-,-,-,-,6,-,-,-,5,5,-,5,-,-,-,-,-,-,-,-,-
Ensar,deček,-,-,-,-,-,-,-,-,-,-,-,-,-,-,-,-,-,-,-,-,-,-,-,-,5,-,-,-,-,-,-
Erazem,deček,-,-,-,-,-,-,7,5,11,6,10,11,11,17,14,21,23,22,29,28,33,40,30,28,29,39,38,52,30,33,46
Erdi,deček,-,-,-,-,-,-,-,-,-,-,-,-,-,-,-,-,-,-,-,-,-,-,-,-,-,-,-,5,-,-,-
Erik,deček,51,52,53,48,55,48,44,56,51,47,52,38,60,47,51,52,57,64,79,79,78,72,92,89,85,77,79,63,51,66,57
Eris,deček,-,-,-,-,-,-,-,-,-,-,-,-,-,-,-,-,-,-,-,-,-,-,-,5,-,-,-,-,-,-,-
Ermin,deček,-,-,-,-,-,-,-,-,5,-,-,7,-,-,-,-,-,-,-,-,-,-,-,-,-,-,-,-,-,-,-
Ernest,deček,-,-,-,-,-,-,-,-,-,-,-,-,5,-,-,-,-,-,-,-,5,-,-,-,-,-,-,-,-,-,-
Ervin,deček,13,12,8,11,-,11,-,7,-,6,6,5,-,-,7,7,-,-,-,9,6,-,5,-,-,5,-,-,-,-,-
Etien,deček,-,-,-,-,-,-,-,-,-,-,-,-,-,-,-,-,-,-,6,-,8,-,-,-,-,6,-,-,-,-,-
Evan,deček,-,-,-,-,-,-,-,-,-,-,-,-,-,-,-,-,-,6,7,-,10,9,-,6,15,9,8,12,8,12,7
Fabijan,deček,-,-,-,-,-,-,-,-,-,-,-,-,-,-,-,-,-,5,-,-,-,-,-,-,-,-,-,-,-,-,-
Fedja,deček,-,-,-,-,-,-,-,-,-,-,-,-,-,-,-,-,-,6,-,-,7,-,-,-,-,-,-,-,-,-,-
Feliks,deček,-,-,-,-,-,-,-,-,-,-,-,-,-,-,-,-,-,-,-,-,-,-,5,-,-,-,-,-,-,-,-
Filip,deček,34,32,22,37,41,56,66,67,63,69,77,91,102,101,118,137,166,175,196,187,231,241,253,254,257,234,227,241,225,264,195
Florian,deček,-,-,-,-,-,-,-,-,-,-,-,6,-,-,-,-,-,-,-,-,-,-,-,-,-,-,-,-,-,-,-
Florijan,deček,-,-,-,7,11,7,6,7,-,14,7,11,-,-,-,8,8,5,-,-,8,-,-,-,-,-,-,-,-,5,5
Florjan,deček,6,6,-,11,7,-,-,5,-,8,11,-,-,5,5,7,-,9,7,7,7,7,6,5,10,7,6,6,-,12,-
Fran,deček,-,-,-,-,-,-,-,-,-,-,-,-,5,-,-,-,-,7,5,6,5,6,13,7,9,9,18,20,31,17,22
Franc,deček,9,-,-,7,-,-,-,-,-,-,6,-,-,-,-,-,-,-,-,-,-,-,-,-,-,-,-,-,-,-,-
Franci,deček,9,6,10,6,7,10,9,-,8,7,-,7,-,-,-,-,-,5,5,-,-,-,-,-,-,-,-,6,-,-,-
Gaber,deček,-,-,-,-,-,-,6,-,5,7,11,12,8,10,17,21,23,27,31,27,30,26,35,21,29,34,33,24,34,27,30
Gabriel,deček,-,-,-,-,-,-,-,-,5,-,6,9,6,8,11,13,9,17,22,27,23,33,34,38,37,37,40,32,23,39,33
Gabrijel,deček,-,-,-,-,-,-,-,6,-,7,-,7,6,-,10,14,11,11,19,8,13,19,11,15,23,17,18,13,25,14,23
Gael,deček,-,-,-,-,-,-,-,-,-,-,-,-,-,-,-,-,-,-,-,-,-,-,-,-,8,5,5,9,6,-,5
Gaj,deček,-,-,-,-,-,-,7,5,7,15,9,13,13,13,14,16,22,16,11,10,12,13,15,7,5,6,10,6,8,8,7
Gal,deček,9,19,20,16,27,28,40,44,53,64,81,82,91,127,113,146,173,165,166,142,167,116,113,104,107,128,105,109,107,123,113
Gašper,deček,155,141,169,147,152,167,177,164,200,187,153,117,145,144,161,186,166,159,128,102,134,108,72,66,56,54,48,34,39,25,26
Goran,deček,16,26,10,13,12,14,9,5,-,8,7,-,-,-,-,-,-,6,-,-,-,-,5,-,-,5,-,-,-,-,-
Gorazd,deček,10,8,14,-,-,-,7,-,5,-,-,5,-,-,5,-,-,-,-,-,-,-,-,-,-,-,-,-,-,-,-
Grega,deček,49,45,39,47,42,41,19,24,36,14,19,16,13,11,13,14,21,22,8,11,11,5,10,7,-,-,7,-,-,-,-
Gregor,deček,215,194,201,151,129,129,94,81,80,60,52,39,34,31,26,34,22,22,20,28,18,14,16,10,8,18,5,12,-,-,-
Hamza,deček,-,-,-,-,-,-,-,-,-,-,-,-,-,-,-,-,-,-,-,5,6,-,-,8,-,-,7,10,9,11,23
Haris,deček,15,13,16,14,11,8,8,5,-,6,7,-,-,6,-,8,5,5,-,-,5,-,-,6,-,7,6,5,-,-,10
Harun,deček,-,-,-,-,-,-,-,-,-,-,-,-,-,-,-,-,-,-,-,-,6,-,-,-,-,9,5,7,12,8,12
Hugo,deček,-,-,-,-,-,-,-,-,-,-,-,-,-,-,-,-,-,-,-,5,-,-,-,-,-,-,-,-,-,5,-
Ian,deček,-,-,-,-,-,-,-,-,6,5,11,9,13,11,15,24,28,22,41,27,45,32,22,39,44,44,42,39,27,28,30
Igor,deček,35,30,29,23,15,19,23,13,13,10,9,8,6,6,11,5,6,8,9,-,6,7,7,-,6,-,-,-,-,-,-
Ilan,deček,-,-,-,-,-,-,-,-,-,-,-,-,-,-,-,-,-,-,5,-,8,-,-,-,-,-,-,-,-,-,-
Imran,deček,-,-,-,-,-,-,-,-,-,-,-,-,-,-,-,-,-,-,-,-,-,-,10,6,-,5,11,8,7,-,11
Inaj,deček,-,-,-,-,-,-,-,-,-,-,-,-,-,-,-,-,-,-,-,-,-,-,-,-,-,-,10,14,14,11,13
Irenej,deček,-,-,-,-,-,-,-,-,-,-,-,-,-,-,-,-,-,5,-,-,-,7,-,-,-,-,6,-,-,-,-
Isak,deček,-,-,-,-,-,-,-,-,-,-,-,-,-,-,-,-,-,-,-,-,-,-,-,6,-,5,6,5,11,9,9
Ishak,deček,-,-,-,-,-,-,-,-,-,-,-,-,-,-,-,-,-,-,-,-,-,-,-,-,-,-,6,-,9,5,10
Ismail,deček,-,-,-,-,-,-,-,-,-,-,-,-,-,-,-,-,-,-,-,-,-,-,-,-,-,-,-,-,5,-,-
Ivan,deček,12,18,19,13,15,14,10,9,10,11,9,11,5,7,5,6,6,10,15,10,8,12,18,10,7,15,15,19,14,10,15
Ivano,deček,-,-,-,-,-,-,-,-,-,-,-,-,-,-,-,-,-,5,-,8,-,-,-,5,-,5,-,-,-,-,-
Ivo,deček,9,-,-,-,-,-,-,-,-,5,-,-,-,-,-,-,-,-,5,5,6,6,-,6,-,11,6,6,8,5,-
Izak,deček,-,-,-,-,-,7,-,7,7,-,-,9,11,7,16,21,26,41,32,44,53,46,49,56,52,92,78,75,69,67,75
Izidor,deček,6,7,11,7,11,-,6,5,7,-,5,6,6,-,-,8,-,5,5,9,-,11,7,10,9,11,6,7,5,8,-
Iztok,deček,16,14,-,11,9,7,-,6,5,-,-,-,-,-,5,6,-,5,-,-,5,-,-,-,-,-,-,-,-,-,-
Jaka,deček,107,107,101,113,148,149,147,159,142,142,134,155,166,168,157,164,198,197,201,178,195,180,180,191,153,171,166,164,135,124,121
Jakob,deček,37,40,49,54,69,71,87,91,112,113,105,135,150,148,158,156,209,230,225,185,238,244,240,206,240,251,242,233,204,197,174
Jakov,deček,-,-,-,-,-,-,-,-,-,-,-,-,-,-,-,-,-,-,-,-,6,-,-,6,-,-,9,6,5,11,13
Jalen,deček,-,-,-,-,-,-,-,-,-,-,-,-,-,-,-,-,-,-,-,-,-,-,5,-,-,-,-,-,5,-,-
Jan,deček,219,242,277,327,338,346,317,275,371,307,325,281,269,269,242,260,275,217,206,242,204,175,183,147,167,160,168,171,139,114,93
Janez,deček,58,54,55,67,47,34,30,30,35,26,23,21,20,21,22,19,24,13,29,16,22,14,15,9,8,8,5,-,-,5,-
Jani,deček,33,36,32,20,23,26,17,18,8,11,8,-,9,11,10,6,6,8,9,9,6,9,5,6,5,8,6,-,-,5,6
Janko,deček,14,12,9,-,-,-,6,5,-,5,-,-,-,-,-,-,-,-,-,-,-,-,-,-,-,-,-,-,-,-,-
Jasmin,deček,22,10,10,7,15,14,11,8,7,10,-,-,5,-,-,-,6,6,5,-,-,-,-,-,5,-,-,-,-,-,-
Jaš,deček,-,-,-,-,-,-,-,-,-,-,-,-,-,-,5,6,5,6,12,5,8,-,10,10,9,8,5,-,-,-,-
Jaša,deček,14,8,-,10,10,11,12,18,16,18,17,24,35,22,45,51,45,57,47,34,47,52,45,44,32,48,39,43,36,27,22
Jernej,deček,157,134,128,112,144,113,99,81,78,73,77,54,61,52,60,53,50,55,45,44,31,29,34,29,32,23,23,18,18,17,12
Job,deček,-,-,-,-,-,-,-,-,5,-,-,-,5,-,-,-,5,5,-,-,-,-,-,-,-,-,-,-,-,-,-
Jon,deček,-,-,-,-,13,12,16,14,12,13,16,20,25,15,26,36,34,42,37,39,36,28,34,40,32,32,34,36,40,40,42
Jona,deček,-,-,-,-,-,-,-,-,-,-,-,-,-,-,-,-,5,-,-,-,-,-,-,5,-,-,-,-,-,-,-
Jonas,deček,-,-,-,-,-,-,-,-,-,-,-,-,-,-,-,-,8,-,9,8,-,9,6,7,8,8,6,6,-,5,-
Jonatan,deček,-,-,-,-,-,-,-,-,-,-,-,-,-,-,-,5,-,6,8,-,8,11,-,6,6,7,11,9,7,9,6
Josip,deček,6,-,-,-,-,-,-,-,-,-,-,-,-,-,-,-,-,-,-,-,-,-,-,-,-,-,-,-,-,-,-
Jošt,deček,11,9,12,11,19,16,20,19,21,26,21,19,26,24,23,19,38,45,39,24,26,24,27,26,15,30,17,19,25,18,16
Jovan,deček,-,-,-,-,-,-,-,-,-,-,-,-,-,-,-,-,-,-,-,-,-,-,-,8,6,-,8,-,7,-,6
Jože,deček,35,34,18,25,21,19,15,10,8,8,8,5,9,8,5,-,-,6,6,-,7,-,-,5,-,-,-,-,-,-,-
Jožef,deček,6,8,-,-,7,8,-,-,-,5,-,8,-,-,-,-,-,-,-,-,-,-,-,-,-,-,-,-,-,-,-
Julian,deček,-,-,-,-,-,-,-,-,-,-,-,-,-,-,-,-,-,8,7,8,6,10,8,12,-,10,8,7,9,12,9
Julij,deček,-,-,-,-,-,-,-,-,-,-,-,-,-,-,-,-,5,-,-,-,6,-,5,7,-,-,-,-,-,-,-
Julijan,deček,-,-,7,-,-,-,-,5,-,7,7,7,-,7,-,-,8,7,12,13,15,11,8,11,18,24,11,19,31,28,19
Jure,deček,190,196,219,200,173,160,139,156,139,133,124,117,121,112,103,112,130,133,108,121,78,73,72,80,63,49,57,36,48,38,21
Jurij,deček,15,18,16,8,15,23,17,25,19,28,21,17,33,25,26,33,36,40,35,36,52,40,39,27,40,34,40,41,24,34,32
Jusuf,deček,-,-,-,-,-,-,-,-,-,-,-,-,-,-,-,-,-,-,-,-,-,-,-,-,5,-,-,-,-,7,-
Juš,deček,6,10,6,-,8,7,-,14,13,11,8,10,11,15,14,20,12,8,16,11,20,9,7,11,11,8,11,10,5,9,8
Kaan,deček,-,-,-,-,-,-,-,-,-,-,-,-,-,-,-,-,-,-,-,-,-,-,5,-,-,-,10,5,7,7,15
Kai,deček,-,-,-,-,-,-,-,-,-,-,-,-,-,-,-,-,-,5,9,5,10,-,9,9,10,5,6,11,8,12,15
Kajetan,deček,-,-,-,-,-,-,-,-,-,-,-,-,-,-,-,-,-,-,-,-,7,6,-,-,-,6,-,-,12,8,5
Kan,deček,-,-,-,-,-,-,-,-,-,-,-,-,-,-,-,-,-,-,-,7,7,-,6,-,5,-,5,10,11,10,13
Kann,deček,-,-,-,-,-,-,-,-,-,-,-,-,-,-,-,-,-,-,-,-,-,-,-,-,-,-,-,-,-,5,-
Karim,deček,-,-,-,-,-,-,-,-,-,-,-,-,-,-,-,-,-,-,-,-,-,-,-,-,-,-,-,-,-,-,5
Karlo,deček,-,-,-,-,-,-,-,-,-,-,-,5,-,-,-,-,5,-,-,-,-,-,-,6,6,7,-,5,5,7,7
Kenan,deček,-,-,-,-,-,-,-,-,9,7,6,-,-,12,10,6,-,-,10,10,6,6,7,9,-,11,8,7,-,12,10
Kerim,deček,-,-,-,-,-,-,-,-,-,-,-,-,-,-,-,-,-,-,-,-,-,-,-,-,-,-,-,-,-,-,5
Kevin,deček,18,18,29,28,44,38,36,40,30,33,28,29,18,30,24,24,36,33,23,25,25,30,26,28,23,33,23,28,24,19,18
Kian,deček,-,-,-,-,-,-,-,-,-,-,-,-,-,-,-,-,-,-,6,5,5,-,8,-,8,-,10,5,11,-,15
Kimi,deček,-,-,-,-,-,-,-,-,-,-,-,-,-,-,5,8,-,-,-,-,-,-,-,-,-,-,-,-,-,-,-
Klemen,deček,201,229,220,233,202,177,154,157,121,113,110,80,78,80,79,76,66,57,53,39,51,32,40,22,31,18,15,14,12,16,8
Konstantin,deček,-,-,-,-,-,-,-,-,-,-,-,-,-,-,-,-,-,-,-,-,-,-,-,7,-,-,-,6,-,-,-
Kosta,deček,-,-,-,-,-,-,-,-,-,-,-,-,-,-,-,-,-,-,-,-,-,-,-,5,6,-,8,9,6,5,-
Kris,deček,-,-,-,-,7,-,-,-,6,-,6,6,6,-,6,9,8,8,-,12,24,17,31,26,21,28,24,32,41,49,30
Kristian,deček,13,12,16,13,9,12,12,11,8,18,8,-,-,8,14,9,11,15,14,11,11,17,12,6,8,9,-,6,6,-,-
Kristijan,deček,33,34,37,23,27,23,15,25,38,22,20,12,11,14,8,15,8,12,20,19,10,15,11,19,8,14,7,11,10,5,-
Kristjan,deček,55,66,62,65,73,70,70,74,73,91,55,53,54,55,51,32,44,58,44,34,32,28,20,24,25,29,24,21,23,20,8
Krištof,deček,8,-,-,7,8,-,-,5,10,6,9,9,6,-,-,8,8,7,10,6,8,8,12,9,7,9,10,12,6,9,6
Lan,deček,-,-,-,-,7,22,19,24,31,34,34,59,72,84,79,113,137,127,123,141,122,99,113,120,140,109,112,122,132,173,135
Lars,deček,-,-,-,-,-,-,-,-,-,-,-,-,-,5,6,8,8,8,5,11,13,11,17,13,9,23,17,21,18,22,13
Lazar,deček,-,-,-,-,-,-,-,-,-,-,-,-,-,-,-,-,-,-,-,-,-,-,6,-,6,7,7,8,5,8,5
Leart,deček,-,-,-,-,-,-,-,-,-,-,-,-,-,-,-,-,-,-,-,-,-,5,-,-,-,-,-,-,-,-,-
Ledion,deček,-,-,-,-,-,-,-,-,-,-,-,-,-,-,-,-,-,-,-,-,-,-,-,5,-,-,-,-,-,-,-
Lenart,deček,10,10,6,12,22,14,10,21,10,21,29,19,15,28,24,22,29,23,34,34,46,43,38,40,45,48,47,46,40,52,52
Leo,deček,-,-,6,-,-,-,7,5,-,7,10,-,10,16,17,13,19,28,34,22,28,34,26,31,33,44,48,39,51,60,50
Leon,deček,40,47,45,46,51,40,47,37,53,60,65,73,70,76,57,76,89,91,96,69,100,78,87,105,101,90,89,74,108,88,99
Leonard,deček,-,-,-,-,-,-,-,-,-,-,6,-,-,-,5,-,-,-,5,7,5,-,-,-,6,6,5,6,7,8,-
Leonardo,deček,-,-,-,-,-,-,6,5,-,-,9,5,5,7,6,-,5,5,6,5,-,-,-,7,5,7,-,-,-,9,6
Lev,deček,-,-,-,-,-,-,-,-,-,-,-,5,6,10,10,9,10,21,17,11,23,28,22,27,26,24,25,31,44,64,45
Liam,deček,-,-,-,-,-,-,-,-,5,-,10,7,7,8,11,11,31,34,45,59,51,83,94,106,124,126,138,131,142,191,154
Lian,deček,-,-,-,-,-,-,-,-,-,-,-,-,-,-,-,8,12,9,15,18,15,22,26,20,30,33,31,27,29,33,29
Lijan,deček,-,-,-,-,-,-,-,-,-,-,-,-,-,-,-,-,-,-,-,-,-,-,-,-,-,-,-,-,7,-,-
Lin,deček,-,-,-,-,-,-,-,-,-,-,-,-,-,-,-,6,-,8,9,7,10,7,-,10,11,10,7,11,11,14,10
Lion,deček,-,-,-,-,-,-,-,-,-,-,-,-,-,-,-,-,-,-,-,-,-,-,-,-,-,-,-,-,5,-,-
Lionel,deček,-,-,-,-,-,-,-,-,-,-,-,-,-,-,-,-,-,-,8,-,-,-,-,-,-,-,6,-,-,-,-
Lior,deček,-,-,-,-,-,-,-,-,-,-,-,-,-,-,-,-,-,-,-,-,-,-,-,-,-,-,-,-,-,-,5
Lorik,deček,-,-,-,-,-,-,-,-,-,-,-,-,-,-,-,-,-,-,-,-,-,-,-,-,-,-,-,5,-,-,-
Loris,deček,-,-,-,-,-,-,-,-,-,-,-,-,-,-,-,-,-,-,-,-,-,-,6,7,-,-,-,-,8,-,-
Lovrenc,deček,-,-,6,-,-,-,-,-,-,-,-,-,-,-,-,-,5,-,-,6,-,-,-,5,-,6,6,-,7,5,6
Lovro,deček,14,26,24,22,22,33,26,37,43,54,59,55,60,63,60,78,109,133,138,130,135,145,167,125,141,153,156,142,139,139,129
Luan,deček,-,-,-,-,-,-,-,-,-,-,-,-,-,-,-,-,-,-,-,5,-,-,-,-,-,-,-,-,-,7,7
Luc,deček,-,-,-,-,-,-,-,-,-,-,-,-,-,-,5,-,-,-,-,-,-,-,-,-,-,-,-,-,-,-,-
Lucas,deček,-,-,-,-,-,-,-,-,-,-,-,-,5,-,-,5,-,8,8,10,13,14,15,23,18,12,16,8,13,14,18
Lucian,deček,-,-,-,-,-,-,-,-,-,-,-,-,-,-,-,-,-,-,-,-,-,-,-,-,-,-,-,-,-,5,-
Lucijan,deček,-,-,6,-,-,-,8,-,-,-,6,-,-,-,-,5,5,-,5,-,5,-,-,9,-,6,6,-,-,5,6
Luka,deček,310,322,331,313,345,318,356,380,379,400,342,369,382,356,397,351,370,371,392,339,279,317,276,328,290,310,288,282,303,239,227
Lukas,deček,-,-,-,-,-,-,6,5,10,-,11,7,16,15,24,26,31,39,36,41,44,56,49,62,67,68,58,98,79,67,70
Lun,deček,-,-,-,-,-,-,-,-,-,-,-,-,-,-,-,-,-,-,-,-,-,-,-,-,-,5,5,-,-,-,-
Mahir,deček,-,-,-,-,-,-,-,-,-,-,-,-,-,-,-,-,-,-,-,-,-,-,-,-,-,-,-,-,-,-,5
Mai,deček,-,-,-,-,-,-,-,-,5,-,7,-,12,10,20,20,30,31,35,26,21,18,22,26,22,20,14,33,23,22,17
Maid,deček,-,-,-,-,-,-,-,-,-,-,-,-,-,-,-,-,-,6,-,-,5,8,8,8,13,-,-,9,-,-,7
Maik,deček,-,-,-,-,-,-,-,-,-,-,-,-,-,-,-,-,-,-,-,-,-,-,5,-,-,-,-,-,-,-,-
Maj,deček,-,-,8,11,18,13,26,38,58,40,77,100,115,118,137,127,132,128,120,139,116,111,121,103,89,93,102,101,123,111,135
Mak,deček,-,-,-,-,-,-,-,-,-,-,-,-,-,-,-,-,-,-,-,-,-,-,8,-,-,-,6,-,-,10,11
Maks,deček,12,7,-,12,15,10,20,30,27,55,54,41,49,69,82,92,122,106,126,143,129,154,118,139,139,125,123,123,117,127,139
Maksim,deček,-,-,-,-,-,-,-,-,-,-,-,-,-,-,9,8,10,13,17,12,12,15,16,21,19,20,23,17,29,19,17
Maksimilijan,deček,-,-,-,-,-,-,-,-,-,-,-,-,-,-,-,-,6,-,-,-,-,-,-,-,6,-,5,-,5,-,-
Maksimiljan,deček,-,-,-,-,-,-,-,-,-,-,-,-,-,-,-,6,-,6,-,10,-,-,5,-,7,-,-,6,-,5,-
Malik,deček,-,-,-,-,-,-,-,-,-,-,-,-,-,-,-,-,-,-,-,-,6,-,-,-,7,-,-,5,9,8,13
Manuel,deček,8,7,-,-,9,-,6,6,12,-,10,5,-,9,8,8,8,6,13,5,6,7,-,10,10,13,10,5,-,8,5
Marcel,deček,13,26,19,27,25,27,34,33,42,38,57,36,38,47,50,53,53,49,57,42,55,42,50,58,52,67,46,38,57,46,32
Marin,deček,-,-,-,-,-,-,-,-,-,-,-,-,-,-,-,-,-,-,-,-,-,-,-,-,7,-,-,-,-,-,-
Mario,deček,31,26,20,30,29,25,22,24,16,13,10,10,-,-,-,5,6,5,-,-,5,5,-,-,5,5,-,-,-,-,-
Marjan,deček,17,-,14,8,-,11,6,-,-,5,-,-,-,-,-,-,-,-,-,-,-,-,-,-,-,-,-,-,-,-,-
Mark,deček,25,19,31,47,42,46,48,72,56,74,102,97,111,101,137,133,169,164,177,199,212,197,208,222,187,246,211,231,214,211,179
Marko,deček,211,228,207,179,178,132,137,100,124,104,106,92,87,95,76,70,67,83,67,73,62,56,57,56,49,47,45,30,25,29,30
Marsel,deček,7,-,-,-,7,-,12,8,17,16,13,9,13,10,11,13,10,14,9,11,8,12,9,8,10,-,8,6,7,6,8
Martin,deček,102,130,116,109,124,105,85,99,123,82,95,95,114,77,67,86,93,87,78,71,82,80,78,51,81,61,64,34,46,37,32
Matej,deček,303,324,270,265,230,182,194,158,173,154,124,102,124,113,89,86,96,79,71,66,58,62,51,53,41,44,48,33,39,37,24
Mateo,deček,-,-,6,-,-,-,6,-,-,-,7,7,5,6,9,7,5,5,7,10,13,10,19,15,20,28,30,43,32,46,55
Matevž,deček,68,66,52,78,71,64,70,86,58,76,60,73,69,72,63,91,90,88,74,99,77,83,73,66,71,57,52,54,35,52,46
Matias,deček,-,-,-,-,-,-,-,-,-,-,-,-,-,-,-,-,-,-,-,7,8,5,11,8,6,11,8,9,9,7,7
Matic,deček,247,250,261,228,212,230,209,215,238,176,174,171,180,183,183,189,196,192,213,192,168,137,129,119,94,78,86,88,72,63,54
Matija,deček,64,64,77,57,61,63,78,56,77,72,95,75,77,75,74,85,93,102,97,99,83,84,85,85,90,93,66,78,79,76,52
Matjaž,deček,102,98,90,76,73,48,61,51,35,37,31,29,21,19,22,16,17,21,13,10,16,7,8,6,7,10,6,7,9,-,5
Matteo,deček,-,-,-,-,-,-,-,-,-,-,-,-,-,-,-,-,-,-,-,-,-,-,-,-,6,6,11,-,-,-,9
Max,deček,-,-,-,-,-,9,-,-,9,5,10,11,8,5,6,9,20,15,19,37,21,24,28,31,21,25,18,19,13,20,14
May,deček,-,-,-,-,-,-,-,-,-,-,-,-,-,-,-,-,-,-,-,-,5,-,-,-,-,-,-,-,-,-,-
Maxim,deček,-,-,-,-,-,-,-,-,-,-,-,-,-,-,-,-,-,-,-,-,5,-,-,-,-,-,-,-,-,-,-
Maximilian,deček,-,-,-,-,-,-,-,-,-,-,-,-,-,-,-,-,-,-,-,-,-,-,-,6,-,-,-,5,-,-,-
Mert,deček,-,-,-,-,-,-,-,-,-,-,-,-,-,-,-,-,-,-,-,-,-,-,-,-,-,-,-,-,5,6,-
Metod,deček,-,-,-,6,-,-,8,6,-,-,-,-,-,6,6,-,6,7,-,-,-,-,-,-,-,-,-,-,-,-,-
Michael,deček,6,-,-,-,-,-,-,-,6,-,-,-,-,-,-,-,-,-,-,-,-,-,-,-,-,-,-,-,-,-,-
Miha,deček,245,218,200,211,230,179,191,201,214,189,192,184,149,154,162,148,168,147,150,144,122,100,108,82,98,96,54,49,45,52,40
Mihael,deček,42,35,40,33,31,37,35,27,29,26,25,25,27,20,16,13,25,15,23,18,18,18,18,14,18,15,12,22,10,18,15
Mihail,deček,-,-,-,-,-,-,-,-,-,-,-,-,-,-,-,-,-,-,-,-,-,-,-,-,-,-,-,-,5,-,-
Mihajlo,deček,-,-,-,-,-,-,-,-,-,-,-,-,-,-,-,-,-,-,6,-,5,-,10,-,7,6,8,-,-,6,6
Mike,deček,-,-,-,-,-,-,-,-,-,-,-,-,-,-,-,-,-,-,-,-,-,-,-,-,-,-,-,5,-,-,-
Milan,deček,24,14,7,13,13,7,-,8,-,6,-,6,5,-,-,5,6,5,-,7,-,-,9,5,-,-,-,-,7,-,-
Miloš,deček,-,6,-,7,-,-,-,-,-,-,-,-,-,8,-,-,-,-,-,11,-,-,6,9,5,10,5,8,7,5,-
Miran,deček,11,8,8,7,-,-,-,-,-,-,-,5,-,-,-,-,-,-,-,-,-,-,-,-,-,-,-,-,-,-,-
Mirko,deček,8,-,7,-,-,-,-,-,-,-,-,-,-,-,-,-,-,-,-,-,-,-,-,-,-,-,-,-,-,-,-
Mišel,deček,-,-,-,8,-,-,-,-,-,-,-,-,-,-,-,-,-,-,-,-,-,-,-,-,-,-,-,-,-,-,-
Mitja,deček,153,146,123,96,102,94,95,66,52,66,40,43,40,28,20,19,19,22,12,14,11,14,11,11,6,5,12,5,5,5,5
Muhamed,deček,-,-,-,-,-,-,-,-,-,-,-,-,-,-,-,-,6,-,-,-,-,-,-,-,5,-,-,6,-,5,-
Nace,deček,8,6,14,10,8,14,11,12,16,9,20,24,15,21,31,17,27,32,38,46,48,49,49,63,52,50,49,79,76,65,72
Nai,deček,-,-,-,-,-,-,-,-,-,-,-,-,-,-,-,5,-,6,6,10,7,12,6,11,7,14,13,20,20,22,11
Nail,deček,-,-,-,-,-,-,-,-,-,-,-,-,-,-,-,-,-,-,-,-,-,7,-,-,-,8,-,-,-,7,6
Naj,deček,-,-,-,-,-,-,-,-,-,-,-,5,7,6,9,5,10,11,13,15,14,14,17,13,16,16,11,23,12,16,14
Nal,deček,-,-,-,-,-,-,-,5,5,7,8,8,11,14,16,12,17,17,19,26,23,19,27,12,17,24,23,26,17,30,27
Natan,deček,-,-,-,-,-,-,-,-,-,-,-,-,-,-,-,-,7,-,5,-,-,5,7,-,7,-,6,6,-,5,-
Nej,deček,-,-,-,-,-,-,-,-,-,-,5,-,-,5,8,-,9,12,14,15,9,6,9,9,8,-,-,-,-,-,-
Nejc,deček,234,284,240,225,220,239,222,212,201,228,286,312,281,240,236,250,273,229,233,196,226,150,173,146,138,118,116,108,68,69,74
Nel,deček,-,-,-,-,-,-,-,-,-,-,-,-,-,-,7,5,-,-,10,-,5,-,5,-,-,-,-,-,-,-,-
Nemanja,deček,-,-,-,-,-,-,-,-,-,-,-,5,-,-,-,7,5,6,7,5,10,-,6,5,-,5,-,-,-,-,-
Nenad,deček,6,-,-,-,-,-,-,-,-,-,-,-,-,-,-,-,-,-,-,-,-,-,-,-,-,-,-,-,-,-,-
Neo,deček,-,-,-,-,-,-,-,-,-,-,-,-,-,-,-,6,11,8,9,11,10,6,12,9,6,8,11,6,5,7,11
Nermin,deček,-,-,-,-,-,-,-,-,5,-,-,-,-,-,-,-,-,-,-,-,-,-,-,-,-,-,-,-,-,-,-
Nick,deček,-,-,7,6,9,-,7,7,-,6,8,7,11,7,8,9,12,10,14,13,8,11,14,7,7,-,-,-,-,-,-
Nik,deček,36,44,52,54,75,85,108,105,145,138,196,183,219,206,233,261,271,277,276,272,252,267,269,248,212,213,227,232,207,217,198
Niki,deček,-,7,-,-,-,-,-,6,-,-,-,-,-,-,-,-,-,5,-,-,5,-,-,-,-,-,-,-,-,-,-
Niko,deček,24,20,28,25,38,33,37,32,33,46,28,32,34,33,34,26,30,42,32,31,31,21,33,29,42,32,30,25,28,34,25
Nikola,deček,11,7,11,7,7,8,9,11,11,9,16,19,13,16,12,17,27,24,32,34,32,17,29,33,26,29,28,22,23,20,21
Nikolaj,deček,-,-,-,-,8,-,6,7,6,5,8,8,5,8,8,10,12,17,11,20,19,19,19,27,16,20,21,21,34,31,27
Nikolas,deček,-,-,-,-,-,-,-,-,-,-,-,-,-,-,-,-,-,-,-,6,-,5,5,8,11,-,-,10,12,12,-
Nil,deček,-,-,-,-,-,-,-,-,-,-,-,-,-,-,-,6,-,5,-,6,-,-,-,-,-,-,-,-,-,-,5
Nino,deček,26,27,29,33,27,26,26,36,32,35,31,25,28,27,24,28,32,27,32,31,20,13,11,18,19,8,24,8,14,10,10
Noa,deček,-,-,-,-,-,-,-,-,-,-,-,-,-,-,-,-,-,-,-,-,-,-,-,-,5,-,-,-,-,-,-
Noah,deček,-,-,-,-,-,-,-,-,-,-,-,-,-,-,-,-,-,-,-,-,-,-,7,-,5,6,-,11,9,7,6
Noar,deček,-,-,-,-,-,-,-,-,-,-,-,-,-,-,-,-,-,-,-,-,-,-,-,-,-,-,10,7,-,10,-
Noe,deček,-,-,-,-,-,-,-,-,-,-,-,-,-,-,-,-,-,-,-,-,-,-,-,-,-,-,5,-,-,-,-
Noel,deček,-,-,-,-,-,-,-,-,-,5,-,-,6,7,7,5,6,7,8,7,11,17,18,22,33,35,31,49,41,46,55
Ognjen,deček,-,-,-,-,-,-,-,-,-,-,-,-,-,-,-,-,-,5,-,-,-,-,-,-,-,-,-,-,-,-,-
Oliver,deček,-,-,-,-,-,-,-,-,-,-,-,6,-,-,7,5,5,8,9,10,13,16,20,23,29,42,44,72,82,110,105
Omar,deček,-,-,-,-,-,-,-,-,-,-,-,-,-,-,-,-,-,-,-,-,-,7,7,5,5,-,6,-,6,6,-
Omer,deček,-,-,-,-,-,-,-,-,-,-,-,-,-,-,-,-,-,-,-,-,-,-,5,7,5,6,5,10,14,7,5
Oskar,deček,-,-,7,-,8,7,9,10,11,10,18,14,13,24,22,30,42,51,52,68,80,80,94,110,116,147,148,162,139,165,152
Oto,deček,-,-,-,-,-,-,-,-,-,-,-,-,-,-,-,-,-,-,-,8,10,9,13,10,7,14,13,18,19,26,31
Oton,deček,-,-,-,-,-,-,-,-,-,-,-,-,-,-,-,-,-,-,-,-,6,-,9,-,9,-,12,11,7,9,7
Ožbe,deček,-,-,-,-,-,-,-,-,-,-,-,-,-,-,-,-,6,-,-,-,-,-,-,-,-,-,-,-,5,-,5
Ožbej,deček,-,-,-,-,7,-,7,-,9,7,11,10,23,25,30,35,49,33,46,43,52,42,45,33,29,40,33,33,26,43,34
Paskal,deček,-,-,-,-,-,-,-,-,-,-,-,-,-,-,-,-,-,-,-,-,-,-,6,-,-,-,-,7,-,-,6
Patrick,deček,6,16,10,14,15,17,16,14,10,5,9,13,6,12,11,12,8,11,11,16,8,5,5,9,-,5,-,-,-,-,-
Patrik,deček,27,37,41,44,58,59,59,63,57,65,70,76,68,75,55,60,74,106,97,102,106,111,107,107,106,88,92,79,67,62,53
Pavel,deček,7,-,-,-,-,-,-,-,-,-,5,-,-,-,-,-,7,6,-,-,6,6,13,5,-,10,-,5,7,10,10
Pavle,deček,-,-,-,-,-,-,-,-,-,-,-,-,-,-,-,-,-,-,-,-,-,-,-,-,-,-,5,5,5,-,-
Petar,deček,6,-,-,-,-,-,-,-,-,-,-,-,5,-,-,-,6,-,-,-,-,5,-,6,6,-,-,-,5,-,7
Peter,deček,94,83,86,81,76,84,55,46,52,51,42,55,34,35,35,39,34,35,35,25,28,19,33,37,36,30,22,30,18,27,17
Petja,deček,-,-,-,-,-,-,-,-,-,-,-,-,-,-,-,-,-,5,-,-,-,-,-,-,-,-,-,-,-,-,-
Pino,deček,-,-,-,-,-,-,-,-,-,-,-,-,-,-,-,-,-,8,-,-,-,-,-,5,-,-,-,-,-,-,-
Primož,deček,99,89,96,91,87,92,74,52,54,34,31,40,32,22,15,9,19,16,17,13,12,16,8,8,12,12,5,9,8,-,6
Rafael,deček,-,-,-,-,-,-,-,-,-,-,-,-,-,-,-,-,5,5,-,-,6,-,-,7,8,10,5,10,7,9,10
Rajan,deček,-,-,-,-,-,-,-,-,-,-,-,-,-,-,-,-,-,-,-,-,-,-,-,-,-,-,-,-,-,-,5
Reis,deček,-,-,-,-,-,-,-,-,-,-,-,-,-,-,-,-,-,-,-,-,-,-,-,-,-,-,-,-,-,7,8
Rejan,deček,-,-,-,-,-,-,-,-,-,-,-,-,-,-,-,-,-,-,-,-,-,-,-,-,8,7,6,7,6,10,11
Rejjan,deček,-,-,-,-,-,-,-,-,-,-,-,-,-,-,-,-,-,-,-,-,-,-,-,-,-,-,-,-,-,20,17
Renato,deček,9,9,11,-,7,-,-,5,-,13,-,6,-,-,-,5,-,-,-,5,-,-,-,-,-,-,-,-,-,-,-
Rene,deček,23,21,24,11,42,24,26,23,31,44,55,54,53,36,39,32,44,45,52,59,49,63,42,64,58,65,47,40,45,33,27
Rian,deček,-,-,-,-,-,-,-,-,-,-,-,-,-,-,-,-,-,-,-,-,-,-,-,-,-,6,6,-,5,6,7
Rijad,deček,-,-,-,-,-,-,-,-,-,-,-,-,-,-,-,-,-,-,-,-,-,-,-,-,-,6,-,-,-,5,-
Rion,deček,-,-,-,-,-,-,-,-,-,-,-,-,-,-,-,-,-,-,-,-,-,-,-,-,-,-,-,-,-,-,5
Roan,deček,-,-,-,-,-,-,-,-,-,-,-,-,-,-,-,-,-,-,-,-,-,-,-,-,-,-,-,6,-,-,-
Robert,deček,58,55,47,42,33,30,24,21,17,24,14,10,8,5,8,9,11,5,6,9,-,5,6,-,-,9,-,-,6,-,-
Robi,deček,20,12,11,16,10,-,-,6,8,-,-,7,-,-,-,-,-,-,-,5,-,-,-,-,-,-,-,-,-,-,-
Robin,deček,-,6,-,-,-,-,-,-,-,-,-,-,-,-,-,-,-,-,-,-,-,-,-,-,-,-,-,-,-,-,-
Roel,deček,-,-,-,-,-,-,-,-,-,-,-,-,-,-,-,-,-,-,-,-,-,-,-,-,-,-,-,-,-,-,11
Rok,deček,344,355,305,307,275,265,243,217,213,207,185,172,154,132,151,161,147,132,141,127,121,103,106,84,77,58,86,60,48,41,31
Roko,deček,-,-,-,-,-,-,-,-,-,-,-,-,-,-,-,-,-,-,-,6,5,5,-,-,-,-,-,-,-,-,-
Roman,deček,9,8,8,8,-,-,-,-,-,-,-,-,-,-,-,-,-,-,-,-,-,-,-,-,-,-,-,-,-,-,-
Rožle,deček,-,-,-,-,-,-,-,-,-,-,-,6,6,5,5,7,8,12,14,7,20,7,13,12,20,5,7,7,13,8,16
Ruben,deček,-,-,-,-,-,-,-,-,-,-,6,-,5,5,-,6,8,13,7,15,9,11,9,10,8,6,10,7,20,12,7
Rudi,deček,-,8,-,-,-,7,-,-,-,-,-,-,-,-,-,5,5,-,-,-,-,-,5,-,-,-,-,-,8,7,-
Ruj,deček,-,-,-,-,-,-,-,-,-,-,-,-,-,-,-,-,-,-,-,-,6,-,5,-,6,6,-,6,6,6,8
Sami,deček,-,-,-,-,-,-,-,-,-,-,-,-,-,-,-,-,-,-,5,-,-,-,-,-,-,-,-,-,-,-,-
Samo,deček,34,31,31,18,19,20,19,19,21,24,28,14,34,20,20,29,25,30,14,20,19,27,23,22,14,11,14,13,14,13,14
Samuel,deček,-,-,-,-,-,-,-,-,-,-,-,6,-,-,5,-,-,15,16,10,11,15,11,8,6,11,5,5,5,5,5
Sandi,deček,47,41,37,23,28,29,23,14,16,12,10,10,7,11,-,6,10,-,-,-,-,-,-,-,-,-,-,-,-,-,-
Sanel,deček,-,-,-,6,-,-,-,-,-,-,-,-,-,-,-,-,-,-,-,-,-,-,-,-,-,-,-,-,-,-,-
Sani,deček,-,-,-,-,-,-,-,-,-,5,-,-,-,-,-,5,-,-,-,-,-,-,-,-,-,-,-,-,-,-,-
Saša,deček,7,-,-,6,-,-,-,-,-,-,6,7,10,5,5,11,9,-,5,-,-,-,6,-,-,-,-,-,-,-,-
Sašo,deček,63,59,57,39,45,30,20,22,26,21,24,5,12,16,12,12,7,7,7,5,6,6,-,7,-,-,-,-,-,-,-
Sebastian,deček,12,-,13,8,8,8,-,-,7,-,7,9,-,-,5,-,-,-,-,7,-,-,5,-,-,-,-,-,-,-,-
Sebastijan,deček,30,17,8,6,9,11,19,8,10,12,-,-,6,-,-,6,6,-,-,-,-,-,-,-,-,-,-,-,-,-,-
Sebastjan,deček,37,43,40,29,31,32,29,25,20,35,19,23,16,20,23,13,14,17,18,-,9,6,-,-,-,-,7,-,-,-,5
Sergej,deček,11,11,11,11,9,12,6,13,11,18,10,13,18,17,20,14,14,26,17,19,30,17,16,18,25,16,12,23,9,21,7
Silvo,deček,6,-,-,-,-,-,-,-,-,-,-,-,-,-,-,-,-,-,-,-,-,-,-,-,-,-,-,-,-,-,-
Simon,deček,115,144,124,100,89,59,62,62,49,58,58,34,30,27,32,30,25,30,22,23,18,25,16,20,22,16,21,7,9,8,5
Sinan,deček,-,-,-,-,-,-,-,-,-,-,-,-,-,-,-,-,-,-,-,-,-,-,-,-,-,-,-,-,-,-,5
Siniša,deček,-,-,6,-,-,-,-,-,-,-,-,-,-,-,-,-,-,-,-,-,-,-,-,-,-,-,-,-,-,-,-
Sreèko,deček,-,6,-,-,-,-,-,-,-,-,-,-,-,-,-,-,-,-,-,-,-,-,-,-,-,-,-,-,-,-,-
Staš,deček,7,8,-,10,13,11,9,14,13,19,15,17,18,17,15,19,22,17,24,27,25,18,21,27,27,22,19,19,7,13,10
Stefan,deček,-,-,7,6,7,8,-,11,10,13,7,6,7,5,11,5,6,17,8,12,14,12,10,28,22,23,18,21,26,21,16
Sven,deček,-,-,-,7,-,-,8,5,15,10,17,11,17,20,19,27,18,11,25,19,20,21,19,27,24,30,21,21,14,23,18
Svit,deček,-,-,-,-,-,-,-,5,8,7,17,15,13,30,34,45,66,66,57,54,61,62,64,46,59,59,60,41,55,43,46
Štefan,deček,12,6,9,12,8,14,7,5,6,7,8,7,-,-,12,-,5,9,5,-,-,6,6,8,9,10,7,5,6,-,-
Tadej,deček,194,179,161,130,134,115,138,101,124,85,88,63,66,55,72,58,61,66,49,48,54,39,35,37,23,31,19,19,8,20,16
Tai,deček,-,-,-,-,-,-,-,-,-,-,5,7,13,12,34,53,71,72,73,69,51,52,38,49,30,30,33,33,23,26,22
Taib,deček,-,-,-,-,-,-,-,-,-,-,-,-,-,-,-,-,-,-,5,-,-,-,-,-,-,-,-,-,-,-,-
Taj,deček,-,-,-,-,-,-,-,-,-,8,-,10,17,13,35,37,53,60,67,61,49,48,53,38,38,47,29,28,22,33,24
Tanaj,deček,-,-,-,-,-,-,-,-,-,-,-,-,-,-,-,-,-,-,-,-,-,-,-,-,-,-,-,-,6,-,-
Taras,deček,-,-,-,-,-,-,-,-,-,-,-,-,-,-,-,-,-,10,9,7,6,-,7,-,-,-,7,-,12,9,-
Tarik,deček,-,-,-,-,-,-,-,-,-,6,10,11,12,14,21,17,27,32,26,27,29,25,21,20,23,24,31,18,16,11,14
Tay,deček,-,-,-,-,-,-,-,-,-,-,-,-,-,-,-,-,-,-,-,-,-,-,-,5,-,-,-,-,-,-,-
Tej,deček,-,-,-,-,-,-,-,-,-,-,-,-,-,5,-,-,-,-,7,-,6,5,-,-,-,-,6,6,-,-,-
Tejo,deček,-,-,-,-,-,-,-,-,-,-,-,-,-,-,-,-,-,-,-,-,7,-,5,-,-,-,-,-,-,-,-
Teo,deček,13,7,11,12,7,12,10,13,15,18,33,25,30,28,37,40,57,39,58,51,50,54,57,55,63,49,62,85,71,68,77
Teodor,deček,9,-,-,-,-,-,-,8,-,-,-,-,8,5,8,7,9,14,13,20,22,15,19,16,24,30,21,20,29,26,35
Tevž,deček,-,-,-,-,-,-,-,5,6,8,14,10,7,15,21,36,33,17,25,28,31,28,35,31,23,21,23,25,27,26,31
Thomas,deček,-,-,7,-,-,-,-,-,-,-,-,-,-,-,-,-,-,-,-,-,-,-,-,-,-,-,-,-,-,-,-
Tian,deček,-,-,-,-,-,-,-,6,-,11,5,17,22,44,62,74,77,79,102,108,100,89,88,70,88,74,76,78,57,48,55
Tias,deček,-,-,-,-,-,-,-,-,-,-,-,-,-,-,-,-,-,-,-,-,-,-,-,-,-,-,-,5,-,-,6
Tibor,deček,-,-,-,-,-,-,8,7,7,-,8,9,7,7,12,11,16,25,23,19,28,23,22,36,25,23,28,17,16,14,21
Tijan,deček,-,-,-,-,-,-,-,-,-,-,-,-,-,12,13,23,25,24,28,21,26,25,16,16,17,24,11,15,19,10,-
Til,deček,-,-,-,-,-,-,-,-,7,-,-,-,-,-,-,7,6,-,6,5,-,10,8,-,-,-,-,-,-,-,-
Tilen,deček,88,135,122,180,165,143,157,163,189,151,158,138,123,130,110,99,117,142,131,125,110,101,92,77,75,60,57,51,45,49,22
Tim,deček,72,63,69,71,111,88,99,120,118,98,128,141,121,146,132,125,122,128,139,156,143,138,150,136,172,212,168,177,166,165,165
Timej,deček,-,-,-,-,-,-,-,-,-,-,-,-,-,-,-,-,-,-,-,-,-,-,-,5,-,-,-,-,-,-,-
Timi,deček,-,8,8,-,-,7,-,11,12,8,8,14,11,6,13,13,7,5,11,8,8,-,5,6,-,-,7,-,7,11,9
Timon,deček,-,-,-,6,-,-,9,9,5,6,6,20,19,15,13,19,19,15,16,8,5,18,6,16,10,9,7,10,6,11,-
Timotej,deček,49,73,64,75,78,91,77,92,77,70,85,93,73,80,75,73,76,78,59,57,49,58,48,45,45,46,34,29,31,30,28
Tin,deček,13,-,-,-,8,12,6,-,7,6,16,13,17,12,11,19,14,14,16,12,22,20,21,16,17,19,25,12,24,19,16
Tine,deček,26,35,24,22,36,20,36,30,31,22,29,32,39,32,44,41,47,50,60,57,54,54,59,64,77,51,63,55,55,55,63
Tinej,deček,-,-,-,-,-,-,-,-,-,-,-,-,-,-,-,5,7,7,9,8,5,6,7,5,-,8,9,5,-,5,8
Tino,deček,-,-,-,-,-,-,-,-,-,-,-,-,-,-,-,-,-,-,-,-,-,7,-,-,-,-,-,-,-,-,-
Tit,deček,-,-,-,-,-,-,-,7,8,5,-,7,12,8,11,16,21,10,8,15,13,14,16,14,14,10,10,5,5,10,6
Tjan,deček,-,-,-,-,-,-,-,-,5,-,-,-,11,10,13,21,15,14,11,16,12,8,10,9,6,8,6,-,5,5,-
Tjaš,deček,-,-,-,-,-,-,-,-,-,8,-,7,7,24,23,31,21,25,14,25,23,16,22,18,9,12,8,11,-,-,8
Tjaž,deček,-,-,-,-,-,-,-,-,8,12,7,-,9,15,11,15,6,17,13,16,20,11,14,16,6,9,6,-,5,8,-
Tobias,deček,-,-,-,-,-,-,-,-,-,-,-,-,-,-,-,9,-,-,6,-,-,-,-,7,-,5,5,6,6,-,7
Tobija,deček,-,-,-,-,-,-,-,-,-,-,-,-,-,6,6,9,13,13,12,18,13,16,12,-,13,11,11,10,10,12,8
Tom,deček,-,6,-,7,-,12,8,11,7,6,-,8,7,12,18,10,5,11,16,9,19,-,5,6,12,8,7,9,22,14,8
Tomas,deček,-,-,-,-,-,-,-,5,5,7,-,-,6,-,-,6,6,-,6,5,5,-,6,-,5,5,-,7,-,5,-
Tomaž,deček,152,143,142,124,106,112,76,59,69,55,51,51,47,39,31,32,35,51,30,29,15,21,31,16,18,13,17,16,12,10,13
Tomi,deček,23,9,18,16,11,13,-,14,11,8,7,13,12,18,8,6,14,13,16,9,12,9,5,8,5,7,6,6,5,-,6
Toni,deček,9,7,9,13,10,8,8,5,5,6,7,-,5,-,8,5,8,-,-,12,6,6,-,-,9,8,-,5,7,6,7
Tristan,deček,-,-,-,-,-,-,-,-,7,-,10,14,12,21,23,16,38,22,35,33,37,43,45,43,29,42,33,41,46,30,36
Urban,deček,91,97,117,101,109,85,97,76,107,70,82,73,70,77,79,64,104,95,88,98,93,55,68,71,68,60,44,49,42,40,30
Urh,deček,11,10,10,17,21,14,14,31,35,26,26,23,21,28,35,31,31,27,24,23,31,42,29,23,30,26,33,29,30,28,18
Uroš,deček,131,148,131,96,100,71,77,61,63,39,37,36,27,26,26,32,23,27,30,21,32,26,26,26,28,23,10,26,18,14,18
Val,deček,-,-,-,-,-,-,-,6,8,14,13,23,25,43,42,58,62,64,81,85,92,78,74,64,84,82,84,72,73,83,70
Valentin,deček,9,14,14,13,14,13,10,11,14,12,9,11,10,12,18,-,11,13,18,9,16,15,15,20,14,16,17,21,21,22,22
Valentino,deček,-,-,-,-,-,-,-,-,-,-,-,-,-,-,-,-,-,-,-,5,-,-,-,-,-,-,-,7,-,5,-
Vall,deček,-,-,-,-,-,-,-,-,-,-,-,-,-,-,6,-,-,-,-,-,-,-,-,-,-,-,-,-,-,-,-
Valter,deček,-,-,-,-,-,-,-,-,-,-,-,-,-,-,-,-,-,-,-,-,-,-,-,-,5,6,9,-,-,-,-
Vanja,deček,-,-,-,-,-,-,-,-,-,-,6,-,-,-,-,-,9,5,5,-,-,-,-,-,5,-,-,-,-,-,-
Vasilij,deček,-,-,-,-,-,-,-,-,-,-,-,-,-,-,-,-,-,-,-,-,-,-,-,-,-,-,-,9,-,-,-
Vasilije,deček,-,-,-,-,-,-,-,-,-,-,-,-,-,-,-,-,-,-,-,-,-,-,-,-,-,-,-,-,6,10,11
Vasja,deček,6,6,-,9,-,-,8,5,9,6,-,5,10,12,11,7,6,16,10,7,15,16,11,9,6,13,8,7,8,5,8
Vedad,deček,-,-,-,-,-,-,-,-,-,-,-,-,-,-,-,-,-,-,-,-,-,-,-,-,5,7,-,-,-,-,-
Veno,deček,-,-,-,-,-,-,-,-,-,-,-,-,-,-,-,-,-,-,5,-,-,-,-,-,-,-,-,-,-,-,-
Vid,deček,50,37,37,58,62,65,58,54,79,101,102,81,151,127,132,132,159,143,162,176,160,150,177,156,158,133,139,105,92,123,89
Viktor,deček,-,9,-,-,-,-,-,-,-,-,5,-,-,5,9,-,-,8,10,10,6,13,15,20,20,33,30,30,32,37,35
Vili,deček,-,-,-,-,-,-,6,6,-,-,-,-,-,-,-,-,-,-,-,-,5,-,-,-,-,-,6,-,-,-,-
Vitan,deček,-,-,-,-,-,-,-,-,-,-,-,-,-,-,-,-,5,13,13,20,14,19,12,8,18,15,21,18,31,21,22
Vitja,deček,-,-,-,-,-,-,-,-,-,-,-,-,-,-,-,-,-,-,-,-,8,-,6,-,-,-,-,-,-,-,-
Vito,deček,11,12,16,7,11,17,17,8,22,19,20,19,22,15,27,24,23,35,37,39,53,28,33,30,35,39,55,52,44,54,60
Voranc,deček,-,-,-,-,-,-,-,-,-,-,-,-,-,-,7,-,9,14,8,18,8,7,10,10,15,9,19,13,14,18,10
Vuk,deček,-,-,-,-,-,-,-,-,-,-,-,-,-,-,-,-,-,-,-,-,-,6,-,-,-,-,6,-,7,13,8
Zal,deček,-,-,-,-,-,-,-,-,-,-,-,-,-,-,-,7,6,-,-,5,-,-,-,5,-,-,-,-,-,-,-
Zoran,deček,6,-,7,-,-,-,-,-,-,-,-,-,-,-,-,-,-,-,-,-,-,-,-,-,-,-,-,-,-,-,-
Žak,deček,-,-,-,6,-,-,12,11,17,19,15,21,21,25,31,31,19,22,26,24,35,36,30,21,35,39,31,30,31,32,27
Žan,deček,118,163,260,338,370,318,358,319,274,289,270,237,232,217,221,238,237,242,243,248,217,212,203,216,195,171,182,156,129,128,68
Žan Luka,deček,-,-,-,-,-,-,-,7,7,6,5,7,6,9,10,11,9,9,6,9,13,5,-,9,-,-,-,-,-,-,-
Žan Mark,deček,-,-,-,-,-,-,-,-,-,-,-,-,-,-,6,-,-,-,-,-,-,-,-,-,-,-,-,-,-,-,-
Žiga,deček,253,284,254,231,241,239,223,245,257,205,236,210,202,236,215,217,245,229,257,224,194,169,144,178,123,126,111,100,80,81,55
Ada,deklica,-,-,-,-,-,-,-,-,-,-,-,-,-,-,-,-,-,-,-,-,-,-,-,-,8,-,-,-,-,-,-
Adea,deklica,-,-,-,-,-,-,-,-,-,-,-,-,-,-,-,-,-,-,-,-,-,-,-,-,-,-,-,-,-,6,-
Adela,deklica,-,-,-,-,-,-,-,-,-,-,-,-,-,-,-,-,-,5,-,-,-,-,-,-,-,-,-,-,-,-,-
Adelina,deklica,-,-,-,-,-,-,-,5,-,6,-,-,-,-,-,5,-,5,6,10,7,6,5,-,5,-,7,-,7,7,8
Adelisa,deklica,-,-,-,-,-,-,-,-,5,-,6,5,-,-,-,-,-,-,-,-,-,-,-,-,-,-,-,-,-,-,-
Adna,deklica,-,-,-,-,-,-,-,-,-,-,-,-,-,5,-,7,-,7,-,8,11,13,6,6,6,-,7,6,-,11,12
Adriana,deklica,-,-,11,12,13,-,8,6,10,10,10,6,6,9,7,-,-,7,-,5,5,9,-,7,-,13,6,-,9,-,7
Adrijana,deklica,7,8,28,20,11,17,15,13,11,12,9,13,5,7,6,6,-,11,-,-,9,-,-,-,-,-,-,-,-,-,-
Agata,deklica,-,-,-,-,-,-,-,-,-,-,-,-,-,-,-,-,-,5,-,-,-,-,-,8,-,-,-,-,-,7,-
Agnes,deklica,-,-,-,-,-,-,-,-,-,-,-,-,-,-,-,-,-,-,-,-,-,-,-,-,-,-,5,-,-,-,-
Aida,deklica,-,-,9,-,9,-,-,7,-,-,-,7,9,6,-,7,6,5,9,-,6,-,-,7,-,-,-,5,6,-,-
Aisha,deklica,-,-,-,-,-,-,-,-,-,-,-,-,-,-,-,-,-,-,7,-,5,-,-,5,-,-,-,-,-,-,-
Aiša,deklica,-,-,-,-,-,-,-,-,-,-,-,-,-,5,-,5,5,5,10,6,5,5,-,6,-,-,10,-,-,-,-
Aja,deklica,7,-,6,-,-,-,-,6,8,6,7,7,-,5,5,-,-,-,-,-,-,-,-,-,-,-,-,-,-,-,-
Ajda,deklica,33,50,48,46,38,43,68,55,58,61,66,65,87,78,89,128,131,118,127,147,167,164,135,132,122,153,145,135,123,145,122
Ajla,deklica,-,-,-,-,-,-,-,12,9,8,9,11,19,24,22,24,22,13,11,18,15,9,17,22,23,13,13,22,28,25,28
Ajlin,deklica,-,-,-,-,-,-,-,-,-,-,-,-,-,-,-,-,-,-,-,-,-,7,11,-,6,-,9,-,-,8,7
Ajlina,deklica,-,-,-,-,-,-,-,-,-,-,-,-,-,-,-,-,-,-,-,-,-,-,-,-,-,6,-,-,-,-,8
Ajna,deklica,-,-,-,-,-,-,-,-,-,-,-,5,8,7,-,6,7,6,10,12,12,11,22,15,7,12,11,10,11,9,7
Ajša,deklica,-,-,-,-,-,-,-,-,-,-,6,13,8,8,11,13,12,15,8,12,13,10,8,8,11,7,13,5,10,9,10
Alana,deklica,-,-,-,-,-,-,-,-,-,-,-,-,-,-,-,-,-,-,-,-,-,-,-,-,-,-,-,-,-,-,5
Alea,deklica,-,-,-,-,-,-,-,-,-,-,-,-,-,-,-,-,-,-,-,-,-,6,5,7,6,5,6,9,-,7,9
Alejna,deklica,-,-,-,-,-,-,-,-,-,-,-,-,-,-,-,-,-,-,-,-,-,-,-,-,-,-,-,-,6,7,10
Aleksandra,deklica,77,65,49,41,48,26,24,11,29,19,18,10,15,13,13,11,16,11,11,8,11,11,10,9,8,15,9,12,9,-,-
Alekseja,deklica,-,-,-,-,-,-,-,-,-,-,-,-,-,-,-,5,-,-,-,-,-,-,-,-,-,-,-,-,5,-,-
Alena,deklica,-,-,-,-,-,-,-,-,-,-,-,-,5,-,-,-,-,-,-,-,-,-,-,-,-,-,-,-,-,-,-
Alenka,deklica,28,18,32,24,22,21,19,12,9,6,6,8,10,6,5,-,-,-,-,5,5,-,-,-,-,-,-,-,-,-,-
Aleša,deklica,-,-,-,-,-,-,-,-,-,-,-,5,-,-,-,-,-,-,-,-,-,-,-,-,-,-,-,-,-,-,-
Aleyna,deklica,-,-,-,-,-,-,-,-,-,-,-,-,-,-,-,-,-,-,-,-,-,-,-,-,-,-,5,-,-,-,-
Alin,deklica,-,-,-,-,-,-,-,-,-,-,5,-,-,-,-,-,-,-,-,-,-,-,-,-,-,-,-,-,-,-,-
Alina,deklica,-,-,-,-,-,-,-,-,-,-,6,19,32,33,37,62,51,63,75,74,74,66,51,62,71,82,71,51,76,59,60
Alisa,deklica,-,-,-,-,-,-,8,-,6,6,8,6,-,7,-,9,9,11,14,13,7,8,13,10,6,8,14,-,13,17,11
Alja,deklica,40,35,39,44,38,30,42,32,46,35,54,61,80,76,57,49,75,57,63,49,50,53,61,50,43,47,45,32,34,40,27
Alma,deklica,13,7,8,11,13,9,-,9,11,-,-,5,6,5,7,-,-,11,7,-,5,5,5,6,-,5,-,-,-,-,-
Alya,deklica,-,-,-,-,-,-,-,-,-,-,-,-,-,-,-,-,-,-,-,-,-,-,-,-,5,-,-,-,-,-,-
Amadeja,deklica,9,12,15,15,11,8,15,15,14,13,13,17,14,11,7,8,8,8,5,10,10,7,9,-,7,-,5,7,-,-,-
Amaja,deklica,-,-,-,-,-,-,-,-,-,-,-,-,-,-,-,-,-,-,-,-,-,-,5,-,-,-,-,-,-,-,-
Amalija,deklica,-,-,-,-,-,-,-,-,-,-,-,-,-,-,-,-,-,-,-,6,-,7,6,5,-,6,6,9,7,6,5
Amanda,deklica,12,10,-,10,9,-,9,-,6,6,6,5,-,-,5,-,-,-,-,-,-,5,-,-,-,-,-,-,-,-,-
Amela,deklica,9,-,6,7,-,-,-,-,-,-,-,-,-,-,-,-,-,-,-,-,-,6,-,5,-,-,-,-,-,-,-
Amelia,deklica,-,-,-,-,-,-,-,-,-,-,-,-,-,-,-,-,-,-,-,-,-,-,-,6,-,10,12,7,15,9,9
Amelie,deklica,-,-,-,-,-,-,-,-,-,-,-,-,-,-,-,-,-,-,-,5,-,5,-,5,-,-,6,-,-,-,7
Amila,deklica,-,-,-,-,-,-,-,-,-,-,-,-,-,-,-,-,-,-,-,-,-,-,-,5,6,-,-,-,-,-,-
Amina,deklica,-,-,-,-,-,-,-,-,-,-,-,5,5,5,-,10,6,6,21,15,15,10,19,20,12,5,18,12,25,25,22
Amna,deklica,-,-,-,-,-,-,-,-,-,-,-,-,-,-,-,-,-,-,-,6,-,12,6,11,6,6,12,8,6,9,13
Amra,deklica,-,-,-,-,-,-,-,-,-,-,-,-,-,-,-,-,6,-,-,9,-,-,-,-,-,-,-,-,-,-,-
Ana,deklica,250,242,260,252,248,221,248,265,311,288,276,254,255,223,229,207,258,202,234,229,195,219,168,183,187,171,137,119,131,118,91
Ana Marija,deklica,8,11,8,11,22,14,25,14,7,13,17,15,15,10,13,11,5,8,-,9,5,12,-,7,-,-,-,-,-,-,-
Anabel,deklica,-,-,-,-,-,-,-,-,-,-,-,-,-,-,-,-,-,5,-,-,6,-,-,-,5,5,-,-,5,5,-
Anabela,deklica,-,-,-,-,-,-,-,-,-,-,-,-,-,-,-,-,-,-,7,9,5,6,7,9,11,9,6,10,12,5,-
Anabella,deklica,-,-,-,-,-,-,-,-,-,-,-,-,-,-,-,-,-,-,-,-,7,-,-,8,-,-,-,-,-,-,-
Anaja,deklica,-,-,-,-,-,-,-,-,-,-,-,-,-,-,-,-,-,7,7,9,9,9,6,8,6,5,-,7,5,-,-
Anamari,deklica,-,-,-,-,-,-,-,9,11,5,-,5,5,-,7,-,-,-,-,-,-,-,-,7,-,-,6,-,-,-,-
Anamarija,deklica,21,24,34,33,37,30,31,28,17,24,19,24,14,16,12,13,20,17,25,14,13,15,11,8,12,9,12,11,8,8,8
Anastasia,deklica,-,-,-,-,-,-,-,-,-,5,-,5,-,8,-,-,5,5,-,7,6,5,9,6,14,13,7,12,7,9,9
Anastasija,deklica,-,-,-,-,-,-,-,-,-,8,8,5,5,-,5,9,13,8,16,17,13,14,10,12,13,10,16,18,20,16,14
Anastazija,deklica,-,-,-,-,-,-,-,6,-,8,5,6,13,10,8,-,-,-,7,9,6,6,9,14,16,8,9,13,-,5,5
Anaya,deklica,-,-,-,-,-,-,-,-,-,-,-,-,-,-,-,-,-,-,-,-,-,-,-,-,-,8,-,-,5,6,-
Andrea,deklica,-,8,-,6,-,-,-,-,-,-,-,-,-,-,-,-,-,-,-,-,-,-,5,-,-,-,5,-,-,-,-
Andreja,deklica,84,85,70,61,43,31,31,24,21,27,20,17,14,11,7,10,9,6,8,-,5,-,-,5,-,-,-,-,-,-,-
Anea,deklica,-,-,-,-,-,-,-,-,-,-,-,-,-,-,-,-,-,-,-,-,-,-,-,10,7,5,-,-,10,-,-
Aneja,deklica,-,-,-,-,-,-,13,10,15,13,26,28,33,27,26,35,25,31,33,27,22,23,14,17,15,13,12,11,-,5,6
Anela,deklica,-,-,-,-,-,-,-,-,-,-,-,-,-,-,-,-,-,-,-,-,-,5,-,-,-,-,-,-,-,-,-
Anemari,deklica,-,-,-,6,-,-,-,-,-,-,-,-,-,-,-,-,-,-,-,-,-,-,-,-,-,-,-,-,-,-,-
Anesa,deklica,-,-,-,-,-,-,-,-,-,-,-,-,-,-,-,-,-,-,-,-,6,-,-,-,5,-,-,-,-,-,-
Angela,deklica,-,-,-,-,-,-,-,-,-,-,-,-,-,-,-,-,-,-,-,-,-,7,-,-,-,-,-,-,-,-,-
Angelika,deklica,-,-,-,-,-,-,-,-,-,-,-,-,-,-,-,-,-,-,7,-,9,-,-,6,-,-,-,-,-,-,-
Angelina,deklica,-,-,-,-,-,-,-,-,-,-,-,-,-,-,-,-,-,7,-,6,5,-,-,-,-,-,-,6,-,-,-
Anika,deklica,-,-,-,-,-,-,10,7,15,5,10,8,14,7,18,25,22,25,24,21,31,23,35,29,38,28,24,24,27,25,30
Anisa,deklica,-,-,-,-,-,-,-,-,-,-,-,-,-,-,-,6,-,6,-,-,-,-,9,-,-,-,-,-,-,-,-
Anita,deklica,48,64,50,43,37,38,41,14,22,19,21,12,13,13,5,-,9,7,7,9,10,5,-,-,-,6,-,-,-,6,-
Anja,deklica,292,427,450,400,304,286,220,214,246,200,172,160,148,134,122,134,116,111,98,73,72,79,69,49,34,34,29,31,15,16,19
Anna,deklica,-,-,-,6,-,-,-,-,-,-,-,-,-,-,-,-,-,-,6,6,-,11,6,10,7,9,-,7,5,5,9
Antonija,deklica,-,-,-,-,-,-,-,-,-,-,-,-,-,-,-,-,-,-,-,-,-,-,-,-,-,-,-,6,-,-,-
Anuša,deklica,-,-,-,-,-,-,-,-,-,5,-,-,6,6,-,-,-,-,-,-,-,-,-,-,-,-,-,-,-,-,-
Anuška,deklica,-,-,-,-,-,-,-,-,-,-,-,-,-,-,-,-,5,-,-,-,-,-,-,-,-,-,-,-,-,-,-
Anðela,deklica,-,-,-,-,-,-,-,-,-,-,-,-,-,-,-,-,-,-,-,-,-,-,-,7,-,-,-,-,6,-,-
Aria,deklica,-,-,-,-,-,-,-,-,-,-,-,-,-,-,-,-,-,-,-,-,-,5,12,8,14,15,15,17,19,27,35
Ariana,deklica,-,-,-,-,-,8,-,-,-,5,-,10,-,6,7,12,12,14,14,12,7,14,17,19,13,16,10,15,18,12,14
Arija,deklica,-,-,-,-,-,-,-,-,-,-,-,-,-,-,-,-,-,-,-,-,-,-,-,-,-,-,-,-,5,-,-
Arijana,deklica,-,-,-,-,-,-,-,-,-,-,-,-,-,-,-,-,-,-,-,-,-,-,-,-,6,5,-,-,-,-,-
Arja,deklica,-,-,-,-,-,-,-,-,-,-,-,-,-,-,-,-,-,-,-,-,-,-,-,-,-,-,-,8,6,-,-
Asia,deklica,-,-,-,-,-,-,-,-,-,-,-,-,-,-,-,-,-,-,-,-,-,-,-,-,-,-,-,-,-,5,-
Asija,deklica,-,-,-,-,-,-,-,-,-,-,-,-,-,-,-,-,-,-,-,-,-,5,-,-,-,-,6,-,5,-,5
Asja,deklica,-,-,-,-,-,-,-,-,6,7,7,11,10,9,16,10,11,9,14,17,16,26,16,24,18,21,28,24,33,31,48
Astrid,deklica,-,-,-,-,-,-,-,6,-,-,-,-,-,-,-,-,-,-,-,-,7,5,-,-,-,-,11,5,10,7,6
Asya,deklica,-,-,-,-,-,-,-,-,-,-,-,-,-,-,-,-,-,-,-,-,-,-,-,-,-,-,-,-,6,-,6
Aurora,deklica,-,-,-,-,-,-,-,-,-,-,-,5,5,5,5,7,-,7,5,8,9,8,11,13,26,21,20,35,33,38,48
Ava,deklica,-,-,-,-,-,-,-,-,-,-,-,-,-,-,7,6,8,10,10,17,11,12,12,11,19,24,28,51,37,45,48
Azra,deklica,11,8,-,-,-,-,-,-,-,-,-,6,-,-,-,5,-,-,-,-,5,-,-,-,-,-,-,6,7,6,5
Ayla,deklica,-,-,-,-,-,-,-,-,-,-,-,-,-,-,-,-,-,-,6,-,-,-,-,-,-,-,-,-,-,-,-
Aylin,deklica,-,-,-,-,-,-,-,-,-,-,-,-,-,-,-,-,-,-,-,-,5,-,7,5,5,15,10,15,18,14,12
Barbara,deklica,189,170,158,123,113,102,81,60,37,38,31,36,23,18,16,11,18,8,15,12,9,-,-,-,-,-,-,-,-,-,-
Bella,deklica,-,-,-,-,-,-,-,-,-,-,-,-,-,-,-,-,-,-,-,-,-,-,-,-,-,-,-,-,-,-,5
Belma,deklica,-,-,-,-,-,-,-,-,-,-,-,-,5,-,-,-,-,-,-,-,-,-,-,-,-,-,-,-,-,-,-
Berina,deklica,-,-,-,-,-,-,-,-,-,-,-,-,-,-,-,-,-,-,-,-,-,6,-,-,-,5,-,-,-,-,-
Bernarda,deklica,11,9,8,6,9,10,-,-,-,-,-,-,-,-,-,-,-,-,-,-,-,-,-,-,-,-,-,-,-,-,-
Beti,deklica,-,-,-,-,-,-,-,-,-,5,-,-,-,-,-,-,5,6,-,-,-,-,-,5,-,7,-,-,-,-,6
Bina,deklica,-,-,-,-,-,-,-,-,-,-,-,-,-,-,-,-,-,-,-,-,-,-,-,-,-,-,-,-,5,-,-
Blanka,deklica,9,6,-,-,-,-,-,6,-,5,-,-,-,-,-,-,-,-,-,-,-,-,-,-,-,-,-,-,-,-,-
Blažka,deklica,11,8,7,6,10,10,18,8,17,16,17,10,15,20,18,12,14,14,9,9,11,6,7,-,6,-,7,-,-,-,-
Bojana,deklica,14,13,-,-,8,-,-,-,-,-,-,5,-,-,-,-,-,-,-,-,-,-,-,-,-,-,-,-,-,-,-
Branka,deklica,-,6,-,-,-,-,6,-,-,-,-,-,-,-,-,-,-,-,-,-,-,-,-,-,-,-,-,-,-,-,-
Breda,deklica,-,-,-,-,-,-,-,-,-,5,-,-,-,-,-,-,-,-,-,-,-,-,-,-,-,-,-,-,-,-,-
Brigita,deklica,14,13,13,10,17,17,10,8,10,6,-,-,-,-,-,-,-,-,-,-,-,-,-,-,-,-,-,-,-,-,-
Brina,deklica,8,12,13,-,17,14,21,19,36,43,38,35,59,62,76,80,109,89,107,101,129,119,124,111,116,109,93,82,82,96,76
Cataleya,deklica,-,-,-,-,-,-,-,-,-,-,-,-,-,-,-,-,-,-,-,-,-,-,-,-,-,-,-,-,-,6,-
Chiara,deklica,-,-,-,-,-,-,-,-,-,-,-,-,-,-,6,-,7,-,-,-,-,-,-,-,-,-,-,6,-,-,-
Dajana,deklica,11,12,6,7,-,-,6,-,-,-,-,-,-,-,-,-,-,-,-,-,-,5,-,-,-,-,-,-,-,-,-
Dalal,deklica,-,-,-,-,-,-,-,-,-,-,-,-,-,-,-,-,-,-,-,-,-,-,-,-,-,-,-,-,-,5,-
Dalia,deklica,-,-,-,-,-,-,-,-,-,-,-,-,-,-,-,-,-,-,-,-,-,7,8,-,-,9,-,5,-,11,13
Dalija,deklica,-,-,-,-,-,-,-,-,-,-,-,-,-,-,-,-,-,-,-,-,-,-,-,-,-,5,-,-,-,-,7
Dalila,deklica,-,-,-,-,-,-,-,-,-,-,-,-,-,-,-,-,-,-,-,-,-,6,-,-,-,-,-,-,-,-,-
Damjana,deklica,13,14,7,-,7,-,-,6,-,-,-,-,-,-,-,-,-,-,-,-,-,-,-,-,-,-,-,-,-,-,-
Dana,deklica,-,-,-,-,-,-,-,-,-,-,-,-,-,-,-,-,-,-,-,-,-,-,5,-,-,-,-,-,-,-,-
Danaja,deklica,6,-,-,-,7,-,-,-,6,6,5,20,14,13,12,14,12,8,11,9,5,5,6,5,-,5,-,-,-,-,5
Danijela,deklica,20,19,12,11,10,14,16,6,10,10,9,13,5,5,-,-,-,-,-,-,-,-,-,-,-,-,-,-,-,-,-
Darja,deklica,28,24,14,14,11,8,7,8,7,-,-,-,-,-,-,-,-,-,-,-,-,-,-,-,-,-,-,-,-,-,-
Daša,deklica,21,24,20,24,21,28,27,14,21,16,32,28,29,33,25,22,36,29,26,22,23,25,19,25,21,29,22,22,16,15,14
Dea,deklica,-,-,-,-,-,-,-,-,-,-,-,7,-,-,-,-,5,-,-,-,5,-,-,-,-,10,-,6,8,7,8
Deja,deklica,-,-,6,10,11,-,7,-,-,5,5,8,8,6,7,-,-,5,8,5,-,-,-,-,-,-,-,-,6,-,-
Diana,deklica,20,15,17,14,17,15,19,17,7,6,10,-,10,9,5,6,8,6,6,-,-,5,6,5,8,6,-,6,12,5,7
Dijana,deklica,10,14,11,8,-,7,-,8,-,5,-,-,-,-,-,-,-,-,-,6,-,-,-,5,-,-,-,-,5,-,-
Dilara,deklica,-,-,-,-,-,-,-,-,-,-,-,-,-,-,-,-,-,-,-,-,-,-,-,-,-,-,-,-,-,-,7
Dina,deklica,-,-,-,-,-,-,-,-,-,-,-,-,-,-,-,-,-,-,-,-,-,-,9,-,-,-,5,-,-,-,-
Dolores,deklica,10,-,10,-,9,7,7,7,5,-,5,-,-,-,-,5,7,-,-,-,-,-,-,-,-,-,-,-,-,-,-
Dominika,deklica,6,14,-,9,-,8,8,5,6,5,-,-,-,-,-,-,5,-,-,-,-,-,-,-,-,-,-,-,-,-,-
Dora,deklica,-,-,-,-,-,-,7,-,6,7,6,10,7,11,7,10,7,18,13,8,10,13,11,18,19,14,15,16,15,20,18
Doris,deklica,25,12,11,8,7,10,7,8,8,12,6,7,-,-,6,5,5,-,-,-,-,-,-,-,-,5,-,-,-,-,-
Doroteja,deklica,40,31,28,21,36,22,29,14,21,23,16,18,9,10,9,7,15,13,16,13,14,9,15,10,6,10,13,8,9,6,7
Dragana,deklica,13,-,8,7,-,-,-,-,-,-,-,-,-,-,-,-,-,-,-,-,-,-,-,-,-,-,-,-,-,-,-
Dua,deklica,-,-,-,-,-,-,-,-,-,-,-,-,-,-,-,-,-,-,-,-,-,-,-,-,-,-,-,6,-,6,9
Dunja,deklica,-,-,-,-,7,-,-,-,-,-,-,-,-,-,-,-,-,7,-,7,5,9,5,9,-,12,5,5,8,8,11
Džana,deklica,-,-,-,-,-,-,-,-,-,-,-,-,-,-,-,-,-,-,-,-,-,-,-,-,-,-,-,-,-,7,6
Džejla,deklica,-,-,-,-,-,-,-,-,-,-,-,-,-,-,-,-,-,-,-,-,-,-,-,-,-,-,-,-,6,9,5
Eda,deklica,-,-,-,-,-,-,-,-,-,-,-,-,-,-,-,-,-,-,-,-,-,-,-,-,-,-,-,-,-,6,6
Edina,deklica,7,-,-,-,-,-,-,-,-,-,-,-,-,-,-,-,-,-,-,-,-,-,-,-,-,-,-,-,-,-,-
Edita,deklica,8,8,6,6,-,-,-,-,-,-,-,-,-,-,-,-,-,-,-,-,-,-,-,-,-,-,-,-,-,-,-
Ejna,deklica,-,-,-,-,-,-,-,-,-,-,-,-,-,-,-,-,-,-,-,-,-,-,7,-,-,-,-,-,-,-,-
Ela,deklica,-,-,-,8,10,12,6,22,20,17,23,28,44,57,73,79,95,117,170,141,141,152,162,136,162,146,140,163,161,124,124
Elena,deklica,-,6,-,7,-,-,6,6,7,-,12,12,9,13,15,16,17,15,18,24,25,26,33,44,26,35,28,37,40,35,41
Eli,deklica,-,-,-,-,-,-,-,-,-,-,5,-,-,-,6,-,12,6,10,6,11,6,6,16,38,36,21,35,19,33,35
Eliana,deklica,-,-,-,-,-,-,-,-,-,-,-,-,-,-,-,-,-,-,-,-,-,-,-,-,-,5,-,-,-,-,-
Elif,deklica,-,-,-,-,-,-,-,-,-,-,-,-,-,-,-,-,-,-,-,-,-,-,-,-,-,-,-,-,7,5,-
Elin,deklica,-,-,-,-,-,-,-,-,-,-,-,-,-,-,-,-,-,-,9,-,7,11,9,-,13,6,7,11,9,7,12
Elina,deklica,-,-,-,-,-,-,-,-,-,-,-,-,-,-,-,-,5,8,7,-,9,11,7,10,14,14,16,18,20,11,10
Elisa,deklica,-,-,-,-,-,-,-,-,-,-,-,-,-,-,-,-,-,-,6,7,8,-,10,5,5,-,8,7,-,-,7
Eliza,deklica,-,-,-,-,-,-,-,-,-,-,-,-,-,-,-,-,5,-,-,10,-,5,8,7,9,8,-,9,7,-,-
Elizabeta,deklica,8,-,-,-,-,9,6,8,7,6,-,6,-,8,-,-,6,5,-,5,9,9,7,7,14,-,7,14,12,-,12
Ella,deklica,-,-,-,-,-,-,-,-,-,-,-,-,-,6,11,10,8,18,23,22,22,25,22,29,18,23,31,28,29,26,25
Elma,deklica,-,-,-,-,-,-,-,9,5,8,9,8,6,8,6,6,14,7,-,-,6,5,7,-,-,-,-,-,5,-,-
Elmedina,deklica,-,-,-,-,-,-,-,-,-,-,-,-,-,-,-,-,-,5,-,-,-,-,-,-,-,-,-,-,-,-,-
Elsa,deklica,-,-,-,-,-,-,-,-,-,-,-,-,-,-,-,-,-,-,-,-,-,-,-,7,-,-,-,-,-,-,-
Ema,deklica,22,22,33,34,37,55,52,70,85,86,75,135,159,159,165,179,157,155,222,216,234,230,271,267,222,223,268,224,240,248,184
Emanuela,deklica,-,-,-,-,-,-,-,-,-,-,-,-,-,-,-,-,-,-,-,-,-,-,-,-,-,-,-,5,-,-,-
Emeli,deklica,-,-,-,-,-,-,-,-,-,-,-,-,-,-,-,-,-,-,-,-,-,-,-,-,-,5,-,-,-,-,-
Emili,deklica,-,-,-,-,-,-,-,-,-,-,-,-,-,-,-,-,-,-,-,5,-,-,11,-,6,8,8,6,7,17,12
Emilia,deklica,-,-,-,-,-,-,-,-,-,-,-,-,-,-,-,-,-,-,-,-,-,-,-,-,-,-,-,-,6,-,5
Emilija,deklica,-,-,-,-,-,-,-,-,-,-,-,-,-,-,-,5,-,-,9,5,7,5,6,-,8,7,12,14,10,7,16
Emily,deklica,-,-,-,-,-,-,-,-,-,-,-,-,-,-,-,-,-,-,-,-,-,-,-,-,7,6,-,10,10,6,8
Emina,deklica,6,7,6,11,9,-,-,-,-,-,-,7,10,-,-,-,5,7,-,-,8,10,8,8,5,-,5,7,7,-,5
Emma,deklica,-,-,-,-,-,-,-,-,-,-,-,6,6,10,5,9,14,14,13,16,20,15,23,34,17,23,21,18,23,22,17
Ena,deklica,-,-,-,-,-,-,-,-,-,-,-,-,-,-,-,-,-,-,-,-,6,-,-,-,-,-,-,-,6,-,-
Enea,deklica,-,-,-,-,-,-,-,-,-,-,-,-,-,-,-,-,-,-,-,-,-,-,-,-,-,-,-,5,-,-,-
Eneja,deklica,-,-,-,6,-,-,7,-,-,-,6,5,6,16,7,10,14,6,9,6,7,6,-,-,7,-,-,-,-,-,-
Enia,deklica,-,-,-,-,-,-,-,-,-,-,-,-,-,-,-,5,-,-,-,-,-,-,-,-,-,-,-,-,-,-,-
Enja,deklica,-,-,-,-,-,-,-,-,-,-,5,8,8,-,11,12,10,9,11,9,6,13,15,10,9,8,-,5,6,9,7
Enya,deklica,-,-,-,-,-,-,-,-,-,-,-,-,-,-,7,-,-,-,-,-,-,-,-,-,-,-,-,-,-,-,-
Erika,deklica,22,36,19,15,16,16,12,20,17,-,14,5,12,7,10,11,9,12,10,18,5,13,-,7,14,5,6,-,-,7,-
Erin,deklica,-,-,-,-,-,-,-,-,-,-,7,-,-,-,-,-,7,8,8,13,9,11,9,12,9,6,15,5,7,10,6
Erina,deklica,-,-,-,-,-,-,-,-,-,-,-,-,-,-,-,-,-,-,-,-,-,6,7,8,-,6,-,5,-,-,-
Erna,deklica,6,-,-,-,-,-,-,-,-,-,-,-,8,-,6,-,7,8,8,-,5,-,-,-,-,-,-,-,-,-,-
Esma,deklica,-,-,-,-,-,-,-,-,-,-,-,-,-,-,-,-,-,-,-,-,-,-,-,5,-,5,-,9,-,-,-
Esmeralda,deklica,-,-,-,-,-,-,7,-,-,-,-,-,-,-,-,-,-,-,-,-,-,-,-,-,-,-,-,-,-,-,-
Ester,deklica,-,-,-,12,-,-,6,-,-,5,-,-,-,-,-,-,-,5,-,-,-,-,-,-,-,-,-,-,-,-,-
Eva,deklica,193,211,242,236,229,250,226,234,225,226,246,238,262,268,279,263,265,295,315,325,284,259,282,259,263,236,220,160,177,118,122
Evelin,deklica,-,-,-,-,-,-,-,-,5,-,-,7,5,5,16,10,9,13,11,11,21,26,23,33,34,45,53,40,42,36,38
Evelina,deklica,-,-,-,6,-,-,7,-,5,5,-,-,8,-,5,-,7,5,9,8,13,7,6,8,6,7,9,9,7,10,7
Evelyn,deklica,-,-,-,-,-,-,-,-,-,-,-,-,-,-,-,-,-,-,-,5,-,-,-,5,5,-,-,6,-,-,-
Evita,deklica,-,-,-,-,-,7,-,-,-,-,8,-,-,-,-,5,-,12,5,8,5,-,10,15,8,12,11,18,11,9,17
Fiona,deklica,-,-,-,-,-,-,-,-,-,-,-,-,-,-,-,-,5,-,5,-,-,-,-,7,-,7,5,-,-,-,-
Flora,deklica,-,-,-,-,-,-,-,-,-,-,-,-,-,-,-,-,-,-,-,-,13,6,6,6,-,-,11,10,18,11,24
Freja,deklica,-,-,-,-,-,-,-,-,-,-,-,-,-,-,-,-,-,-,-,-,-,-,-,-,-,-,-,6,-,6,8
Frida,deklica,-,-,-,-,-,-,-,-,-,-,-,-,-,-,-,-,-,-,6,-,-,7,-,-,6,7,-,13,6,7,10
Gabriela,deklica,-,-,-,-,-,-,7,-,-,-,7,-,-,-,5,-,-,8,8,7,8,-,5,10,8,6,11,6,5,-,7
Gabrijela,deklica,8,7,6,6,9,9,7,-,5,9,13,9,6,-,13,5,13,5,10,7,8,-,9,-,-,-,12,5,8,12,7
Gaia,deklica,-,-,-,-,-,-,-,-,-,-,-,7,6,8,-,8,15,9,-,8,5,-,-,5,6,-,-,-,7,8,8
Gaja,deklica,10,11,18,21,18,30,31,37,40,51,52,59,63,66,72,76,71,67,93,77,82,74,93,68,61,52,55,82,73,90,78
Gala,deklica,-,-,-,-,-,-,-,-,-,-,5,-,6,-,-,-,7,5,5,-,-,-,-,-,-,-,5,8,5,-,5
Gea,deklica,-,-,-,-,-,-,-,-,-,-,-,-,-,-,-,-,-,-,-,-,-,-,-,-,5,-,-,-,-,-,-
Gloria,deklica,-,-,-,-,-,-,-,-,7,6,-,6,8,10,6,10,11,11,10,18,6,15,17,27,24,24,18,27,24,20,22
Glorija,deklica,7,-,-,6,-,-,-,7,-,6,-,-,7,7,6,9,5,9,10,8,9,7,10,11,13,13,15,19,25,17,21
Hajdi,deklica,-,-,-,-,-,-,-,-,-,-,-,-,-,-,-,-,-,-,-,-,-,-,-,-,-,-,-,-,-,5,7
Hana,deklica,28,18,29,28,35,55,60,86,98,102,126,105,123,107,147,157,155,191,174,166,151,147,149,115,164,163,141,160,180,178,164
Hanna,deklica,-,-,-,-,-,-,-,-,-,-,5,9,-,5,-,8,8,13,14,5,16,8,9,10,7,13,9,14,13,8,10
Helena,deklica,21,28,26,27,13,15,-,15,5,14,10,6,-,-,8,-,-,6,6,9,-,9,-,11,10,-,6,10,11,6,-
Ida,deklica,-,-,-,7,-,-,-,-,5,5,7,5,7,-,9,-,5,-,-,8,7,6,9,6,7,9,7,5,5,6,9
Ilma,deklica,-,-,-,-,-,-,-,-,-,-,-,-,-,-,-,-,-,-,-,-,-,-,-,-,-,-,-,9,-,9,-
Ilona,deklica,-,-,-,-,-,-,-,-,-,-,-,-,-,-,-,-,-,-,-,-,6,-,-,-,-,-,-,-,-,-,-
Iman,deklica,-,-,-,-,-,-,-,-,-,-,-,-,-,-,-,-,-,-,-,-,5,-,-,-,-,-,5,-,-,7,6
Ina,deklica,7,12,7,8,8,10,7,7,7,7,6,8,10,7,7,7,6,18,9,8,26,16,29,22,31,23,19,29,25,26,31
Inaja,deklica,-,-,-,-,-,-,-,-,-,-,-,-,-,-,-,-,-,8,9,13,15,8,-,10,5,6,7,7,8,12,10
Inara,deklica,-,-,-,-,-,-,-,-,-,-,-,-,-,-,-,-,-,5,-,-,-,-,-,-,-,-,-,-,-,-,-
Inaya,deklica,-,-,-,-,-,-,-,-,-,-,-,-,-,-,-,-,-,-,8,6,-,-,8,-,-,-,-,5,6,-,8
Ines,deklica,78,82,77,52,56,52,50,36,52,46,40,33,23,30,25,20,26,17,17,20,9,11,10,11,11,6,9,10,5,6,6
Ingrid,deklica,6,8,-,-,10,-,-,5,5,-,-,-,-,-,-,-,-,-,-,-,-,-,-,-,-,-,-,-,-,-,-
Inja,deklica,-,-,-,-,-,-,-,-,-,-,8,5,6,8,10,7,13,14,13,18,16,22,32,27,41,64,57,66,47,48,39
Inna,deklica,-,-,-,-,-,-,-,-,-,-,-,-,-,-,-,-,-,-,-,-,-,9,7,7,-,-,6,-,6,-,5
Inti,deklica,-,-,-,-,-,-,-,-,-,-,-,-,-,-,-,-,-,8,5,5,-,10,5,7,5,6,11,-,7,12,-
Irena,deklica,27,24,18,11,13,-,-,-,7,-,-,-,-,-,-,-,-,-,-,-,-,-,-,-,-,-,-,-,-,-,-
Irina,deklica,-,-,-,-,-,-,-,-,-,-,-,-,-,-,-,-,-,-,6,-,-,-,6,13,14,17,7,9,10,13,7
Iris,deklica,26,23,28,15,20,23,11,16,23,18,12,12,20,16,14,21,16,20,21,27,15,27,34,27,23,26,27,22,20,21,13
Irma,deklica,-,6,-,7,-,-,-,-,-,-,-,-,-,-,-,5,-,-,-,-,6,-,-,-,-,-,-,-,-,-,-
Isa,deklica,-,-,-,-,-,-,-,-,-,-,-,-,-,-,-,-,-,6,-,8,6,5,-,5,-,-,-,-,5,-,5
Isabel,deklica,-,-,-,-,-,-,-,-,-,-,-,-,5,-,-,-,-,-,-,-,5,7,7,6,10,6,9,7,-,-,-
Isabela,deklica,-,-,-,-,-,-,-,-,-,-,-,-,-,-,-,-,8,-,8,7,5,7,10,12,7,12,8,9,11,13,10
Isabella,deklica,-,-,-,-,-,-,-,-,-,-,-,-,-,-,-,-,-,7,5,7,5,6,-,-,15,13,13,14,14,14,15
Iva,deklica,11,13,12,19,19,23,15,15,21,16,16,17,15,21,31,41,43,49,42,60,63,61,72,78,65,61,94,77,89,99,88
Ivana,deklica,8,16,19,12,17,20,11,16,25,23,26,20,20,18,20,29,29,40,26,30,33,26,22,19,26,24,23,24,22,24,15
Ivona,deklica,-,-,-,-,-,-,-,-,-,-,6,6,6,8,-,6,11,-,5,13,9,5,-,14,10,16,6,7,10,11,9
Iza,deklica,-,-,10,24,23,12,25,24,22,18,26,20,40,26,35,48,48,56,50,67,62,62,78,85,87,79,79,73,83,94,80
Izabela,deklica,-,-,-,-,-,-,-,-,5,-,5,5,8,9,13,17,15,21,19,21,39,42,26,36,34,42,44,37,35,38,49
Jana,deklica,28,39,38,33,39,34,29,27,19,18,24,27,31,15,25,21,23,20,19,14,24,17,16,17,18,17,19,26,19,16,13
Janina,deklica,-,-,-,-,-,-,-,-,6,-,-,-,-,-,-,-,-,-,-,-,-,-,-,-,-,-,-,-,-,-,-
Janja,deklica,66,61,70,57,66,53,43,39,38,38,21,22,23,8,15,11,13,15,12,12,9,6,-,-,6,-,-,6,-,7,-
Jara,deklica,-,-,-,-,-,-,-,-,-,-,-,-,-,-,-,-,-,-,-,-,-,-,-,-,6,-,-,-,8,-,-
Jasmina,deklica,61,39,42,40,23,45,16,14,19,17,21,14,11,10,7,10,6,8,7,10,10,7,10,-,-,10,11,-,5,-,-
Jasna,deklica,32,16,19,20,16,9,11,11,7,10,5,7,6,-,11,5,9,7,-,-,6,5,-,5,9,7,-,-,7,-,-
Jelena,deklica,15,-,8,6,-,-,-,-,6,-,5,-,-,-,-,-,-,-,-,-,-,-,-,-,-,-,-,-,-,-,-
Jera,deklica,-,-,-,6,8,-,-,-,6,-,5,9,5,-,7,5,-,10,-,-,-,5,-,-,7,-,-,-,-,-,-
Jerca,deklica,6,9,-,-,10,12,-,5,10,12,17,12,17,5,14,20,20,20,19,20,15,21,7,24,22,15,18,20,20,20,15
Jerica,deklica,10,8,6,-,-,-,-,-,-,-,-,-,-,-,-,-,-,-,-,-,-,-,-,-,-,-,-,-,-,-,-
Jerneja,deklica,36,30,29,21,24,26,20,9,21,13,21,12,10,17,11,18,8,9,8,5,5,6,9,5,-,6,-,-,-,-,-
Jessica,deklica,-,-,-,6,-,-,-,-,-,-,-,-,-,-,-,-,-,-,-,-,-,-,-,-,-,-,-,-,-,-,-
Jona,deklica,-,-,-,-,-,-,-,-,-,10,7,6,-,9,8,-,7,7,9,-,11,10,11,7,-,12,6,7,-,9,9
Jovana,deklica,-,-,-,-,-,-,-,-,-,-,-,-,-,-,-,-,-,-,-,-,-,-,6,-,5,5,-,-,-,-,-
Jožica,deklica,12,14,9,-,-,-,-,-,-,-,5,-,-,-,-,-,-,-,-,-,-,-,-,-,-,-,-,-,-,-,-
Julia,deklica,-,-,-,-,-,-,-,5,-,8,5,9,-,6,11,9,9,13,12,24,15,11,12,12,6,13,13,6,10,8,9
Julija,deklica,29,24,31,42,25,34,38,38,54,46,52,56,66,88,114,118,159,181,170,196,182,194,206,200,185,162,151,176,179,188,159
Julijana,deklica,-,-,-,-,-,-,-,-,-,-,-,-,-,-,-,-,-,6,-,-,-,-,-,-,-,-,-,5,-,-,-
Kaja,deklica,132,113,115,140,120,131,130,137,116,106,129,130,130,112,126,113,145,126,114,120,126,112,141,98,111,107,90,92,79,78,68
Kalina,deklica,-,-,-,-,-,-,-,-,-,-,-,-,-,-,-,-,5,-,-,6,6,-,5,-,6,5,7,9,7,10,10
Karin,deklica,55,58,53,46,67,60,44,52,71,41,75,47,61,68,47,44,33,43,41,36,29,34,21,28,24,20,18,20,14,11,11
Karina,deklica,-,6,-,-,-,-,-,-,-,-,-,-,-,6,-,-,-,5,-,-,-,7,-,-,6,5,5,-,-,-,-
Karla,deklica,-,-,-,-,-,-,-,-,-,-,-,5,5,5,6,-,5,5,9,14,5,8,7,7,-,-,6,5,9,8,9
Karmen,deklica,49,83,60,44,60,54,33,35,25,33,28,22,10,15,6,13,5,11,-,7,-,12,6,-,-,5,-,-,-,-,-
Karolina,deklica,11,9,6,9,11,11,16,6,14,19,11,10,12,11,16,10,15,28,13,16,24,27,18,21,30,28,27,15,27,20,25
Katarina,deklica,87,104,97,100,107,89,95,91,82,74,95,66,67,62,77,83,83,71,76,65,66,64,46,48,59,40,45,41,41,35,46
Katja,deklica,217,266,297,225,260,238,175,169,154,139,113,81,82,73,67,65,56,69,43,38,27,29,18,21,25,12,6,15,15,14,10
Katjuša,deklica,-,-,6,-,-,7,7,-,-,6,6,-,9,7,8,9,7,8,5,-,8,8,8,6,-,-,-,6,-,-,-
Katrin,deklica,-,-,-,6,-,-,-,-,-,5,-,-,-,-,-,-,-,-,-,-,-,-,-,-,-,-,5,-,-,-,-
Kaya,deklica,-,-,-,-,-,-,-,-,-,-,-,-,-,-,-,-,-,-,-,-,-,-,-,5,-,-,-,-,-,-,-
Kiara,deklica,-,-,-,-,-,-,-,-,-,-,-,6,14,11,8,23,31,43,44,22,20,29,28,29,29,27,22,18,20,34,30
Kim,deklica,20,21,13,13,11,17,9,15,17,17,15,15,12,14,16,12,16,10,23,26,32,44,37,32,40,28,27,21,29,28,37
Klara,deklica,47,63,75,106,111,138,120,121,136,99,154,138,131,118,128,136,128,146,121,131,141,126,117,99,123,109,100,95,77,84,74
Klarisa,deklica,-,-,-,-,-,-,-,-,-,-,-,-,-,-,-,5,-,-,-,-,-,-,-,-,-,-,-,-,-,-,-
Klaudija,deklica,-,-,-,6,-,-,-,-,5,-,-,6,-,-,-,-,-,-,-,-,-,-,-,-,-,-,-,-,-,-,-
Klavdija,deklica,62,67,64,56,49,47,44,41,30,21,24,16,10,14,6,8,9,9,5,7,-,-,-,-,-,-,-,-,-,-,-
Klea,deklica,-,-,-,-,-,-,-,-,-,-,-,-,-,-,6,-,-,-,-,-,-,-,-,-,6,-,-,-,-,-,-
Klementina,deklica,12,14,8,16,23,9,10,7,6,5,7,8,-,-,-,-,-,-,-,-,-,-,-,-,-,-,-,-,-,-,-
Korina,deklica,-,-,-,-,-,-,-,-,-,-,5,-,-,-,5,5,-,-,-,-,-,-,-,-,-,-,-,-,-,-,-
Kristina,deklica,102,73,69,68,62,62,64,51,73,50,47,30,47,30,39,35,34,39,33,28,22,29,20,25,27,16,21,15,12,16,15
Ksenija,deklica,14,14,13,6,9,-,-,6,-,-,-,-,-,-,6,-,-,-,-,-,-,-,-,-,-,-,-,-,-,-,-
Ksenja,deklica,-,-,-,-,-,-,-,-,-,8,-,-,-,-,-,-,-,-,-,-,-,-,-,-,-,-,-,-,-,-,-
Lamija,deklica,-,-,-,-,-,-,-,-,-,-,-,-,-,-,-,-,5,-,-,-,-,7,10,5,8,8,7,8,5,-,8
Lana,deklica,9,14,12,20,29,45,62,68,81,102,124,138,192,203,268,302,327,300,299,211,208,190,168,176,162,164,151,124,138,135,120
Lara,deklica,67,69,102,121,120,130,163,182,206,202,245,200,233,243,241,217,255,209,272,236,285,232,227,206,200,196,170,161,133,108,99
Larisa,deklica,32,20,23,37,33,39,40,43,57,44,55,62,72,67,71,68,74,66,54,64,44,53,38,46,36,31,24,27,19,25,15
Larissa,deklica,-,-,-,-,-,-,-,-,5,-,-,-,-,-,-,-,-,6,-,-,-,-,-,-,-,-,-,-,-,-,-
Laura,deklica,59,63,81,74,71,74,81,190,124,108,109,81,99,63,78,67,68,60,66,59,65,70,45,51,64,45,53,35,41,30,32
Lavra,deklica,-,8,-,8,-,-,-,8,9,9,-,-,-,-,-,-,-,-,-,-,-,-,-,-,-,-,-,-,-,-,-
Layla,deklica,-,-,-,-,-,-,-,-,-,-,-,-,-,-,-,-,-,-,-,-,-,-,-,-,-,-,5,-,-,-,-
Lea,deklica,70,92,112,108,81,88,65,90,116,121,103,97,90,88,101,120,77,73,74,58,71,47,53,45,49,52,50,53,51,38,32
Leila,deklica,-,-,-,-,-,-,-,-,5,9,6,6,-,5,9,5,8,15,6,8,14,10,10,8,14,8,6,11,8,11,-
Leja,deklica,11,11,17,17,16,20,28,17,27,23,16,22,23,20,30,20,25,23,33,27,27,24,23,24,21,15,16,14,12,19,10
Lejla,deklica,9,6,13,8,13,20,18,14,16,15,16,18,24,13,30,27,31,30,44,27,30,35,36,33,31,37,20,34,30,19,20
Lejna,deklica,-,-,-,-,-,-,-,-,-,-,-,-,-,-,-,-,-,-,-,-,-,-,-,-,-,5,-,-,5,5,-
Lena,deklica,-,6,7,-,-,-,-,7,-,6,7,8,6,15,10,16,14,9,20,15,21,17,28,24,21,24,22,18,19,22,29
Leni,deklica,-,-,-,-,-,-,-,-,-,-,-,-,-,-,-,-,5,5,14,16,15,10,-,6,5,7,5,-,-,-,8
Lenja,deklica,-,-,-,-,-,-,-,-,-,-,-,-,-,-,-,-,-,-,-,-,-,-,5,-,-,-,-,-,-,-,-
Leona,deklica,-,-,-,-,-,-,-,-,-,-,-,-,-,-,-,-,-,5,5,5,5,-,-,5,8,-,8,6,5,8,6
Leonida,deklica,-,-,-,-,-,-,-,-,-,-,-,5,-,-,-,-,-,-,-,-,-,-,-,-,-,-,-,-,-,-,-
Leonora,deklica,-,-,-,-,-,-,-,-,-,-,-,-,-,-,-,-,-,-,-,-,-,-,-,-,6,-,-,-,-,-,5
Leyla,deklica,-,-,-,-,-,-,-,-,-,-,-,-,-,-,-,-,-,-,-,-,-,-,-,-,-,-,-,5,-,-,-
Lia,deklica,-,-,-,-,-,-,-,-,8,6,8,15,18,23,20,40,38,43,41,44,34,57,29,42,80,87,70,60,48,59,38
Liana,deklica,-,-,-,-,-,-,-,-,-,-,-,-,-,-,-,-,5,5,10,5,-,8,10,6,8,7,8,16,13,8,16
Lidija,deklica,23,17,8,8,7,12,10,5,-,6,-,-,-,-,-,-,-,-,-,-,-,-,-,7,-,-,-,-,-,-,-
Lija,deklica,-,-,-,-,-,-,-,-,-,-,-,-,-,-,7,6,10,17,18,17,11,21,18,17,17,17,21,12,25,12,11
Lila,deklica,-,-,-,-,-,-,-,-,-,-,-,-,-,-,-,-,-,-,-,-,-,8,-,9,-,-,5,-,-,-,12
Lili,deklica,-,-,-,-,-,-,-,-,5,-,-,-,-,6,6,11,17,30,34,37,45,47,57,49,66,54,45,51,61,55,76
Lilija,deklica,-,-,-,-,-,-,-,-,-,-,-,-,-,-,-,-,-,-,-,-,-,-,-,-,-,-,-,-,-,-,5
Lin,deklica,-,-,-,-,-,-,-,-,-,-,-,-,-,-,-,-,-,-,-,-,5,-,-,-,-,-,-,-,-,-,-
Lina,deklica,13,15,8,17,20,16,18,14,25,23,23,37,29,57,50,61,65,65,122,116,97,111,106,73,93,84,85,75,67,92,113
Linda,deklica,7,-,-,-,-,-,-,-,-,-,5,-,-,-,-,-,-,-,-,-,-,5,-,-,-,-,-,-,-,-,-
Lisa,deklica,-,-,-,-,-,-,-,-,-,-,-,-,-,-,-,-,-,-,-,6,-,-,-,5,8,5,-,-,6,6,5
Livia,deklica,-,-,-,-,-,-,-,-,-,-,-,-,-,-,-,-,-,-,-,-,-,-,-,-,-,-,-,5,-,6,-
Livija,deklica,-,-,-,-,-,-,-,-,-,-,-,-,-,-,-,-,-,-,-,5,-,-,-,-,5,-,5,7,-,-,-
Liza,deklica,10,8,9,7,15,8,14,18,11,13,21,25,23,15,15,11,15,16,19,24,26,23,20,17,16,21,15,13,11,14,16
Lola,deklica,-,-,-,-,-,-,-,-,-,-,-,-,-,-,-,-,-,-,-,-,-,-,-,-,-,-,-,-,-,-,5
Lora,deklica,-,-,-,-,-,-,-,-,-,-,-,8,-,-,-,5,-,5,5,13,5,10,15,10,10,9,16,16,17,33,45
Lorena,deklica,-,-,-,-,-,-,-,8,-,9,5,13,-,9,7,9,18,10,16,12,12,20,15,21,24,16,18,18,21,13,10
Lori,deklica,-,-,-,-,-,-,-,-,-,-,-,-,-,-,-,-,5,5,8,-,-,-,6,-,-,5,7,8,9,6,13
Lorina,deklica,-,-,-,-,-,-,-,-,-,-,-,-,-,-,-,-,-,-,-,-,-,-,-,-,-,-,-,5,-,-,-
Loti,deklica,-,-,-,-,-,-,-,5,-,9,9,10,12,13,7,16,18,16,12,20,17,20,19,20,17,19,25,24,19,33,24
Luana,deklica,-,-,-,-,-,-,-,-,-,-,-,-,-,-,-,-,-,-,-,-,-,-,-,-,5,-,-,-,-,-,-
Lucia,deklica,-,-,-,-,-,-,-,-,-,-,-,-,-,-,-,-,-,-,5,-,-,-,-,-,-,5,5,-,-,-,-
Lucija,deklica,78,75,89,85,92,87,100,96,82,94,94,72,75,79,86,104,106,79,71,83,75,75,52,67,60,57,63,65,47,52,48
Luèka,deklica,-,6,-,-,11,7,7,5,8,7,8,5,9,10,8,15,18,15,12,12,14,16,11,10,9,9,11,14,8,11,12
Luiza,deklica,-,-,-,-,-,-,-,-,-,-,-,-,-,-,-,-,-,-,-,-,-,-,-,-,-,-,-,-,5,-,-
Luna,deklica,-,-,-,-,-,-,-,6,6,-,7,6,7,15,26,17,23,36,23,28,15,22,23,15,17,34,15,29,19,23,29
Magdalena,deklica,-,-,-,-,-,-,-,-,-,-,-,-,-,-,-,-,-,-,-,-,-,-,-,-,-,-,-,-,-,-,6
Maida,deklica,-,-,-,-,-,-,-,-,-,-,-,-,-,-,-,-,-,-,-,-,-,-,-,-,-,-,5,-,-,-,-
Maja,deklica,298,270,240,203,211,183,182,198,202,196,177,156,153,164,127,149,140,139,175,135,121,101,90,90,70,53,58,52,47,51,44
Manca,deklica,39,69,80,100,76,89,86,99,87,112,104,90,88,97,105,100,143,122,128,133,91,91,79,99,75,72,52,70,43,43,36
Manica,deklica,-,-,-,-,-,-,-,-,8,-,-,-,-,-,-,-,-,-,-,-,-,-,-,-,-,-,-,-,-,-,-
Manja,deklica,15,16,22,29,25,28,23,23,22,18,17,13,17,18,20,18,11,15,19,15,12,12,13,16,12,10,10,7,-,12,8
Manuela,deklica,15,10,6,10,-,-,9,5,9,6,11,5,-,-,5,-,-,6,-,-,8,-,-,-,-,-,-,-,-,-,-
Mara,deklica,-,-,-,-,-,-,-,-,-,-,-,-,-,-,-,-,-,-,-,6,-,5,6,-,8,-,6,5,12,7,7
Maria,deklica,-,-,-,-,-,-,-,-,-,-,-,-,-,-,-,-,-,-,-,-,-,-,-,-,6,-,-,-,-,-,-
Marija,deklica,26,19,20,18,16,12,20,14,14,14,15,10,18,9,9,13,12,14,23,17,23,9,11,15,21,12,9,14,8,9,13
Marina,deklica,19,21,23,18,14,22,16,24,15,9,5,8,9,11,-,5,9,16,8,11,14,5,7,14,12,14,8,10,5,11,6
Marisa,deklica,-,-,-,-,-,-,-,-,5,6,-,6,7,-,5,5,10,-,-,8,8,-,-,-,-,5,-,6,-,-,-
Marjana,deklica,7,6,8,-,8,7,8,5,-,-,-,-,-,-,-,-,-,-,-,-,-,-,-,-,-,-,-,-,-,-,-
Marjeta,deklica,15,13,9,7,12,8,8,9,7,-,5,6,-,-,-,-,-,-,-,-,-,-,-,-,5,-,-,-,-,-,-
Marjetka,deklica,7,-,-,-,-,7,-,-,-,-,-,-,-,-,-,-,-,-,-,-,-,-,-,-,-,-,-,-,-,-,-
Marta,deklica,-,-,-,8,-,-,-,-,-,-,-,5,-,-,-,-,5,-,-,6,6,-,-,-,-,-,-,-,-,-,-
Martina,deklica,81,79,54,67,55,48,38,40,33,37,16,19,24,19,5,11,9,10,10,8,5,8,6,5,7,9,5,6,9,-,-
Maruša,deklica,69,71,101,95,97,82,73,76,84,84,70,61,61,58,53,64,55,62,50,61,39,40,42,35,33,39,30,18,23,13,13
Maruška,deklica,6,-,8,-,-,-,-,-,-,-,-,-,-,-,-,-,-,-,-,-,-,-,-,-,-,-,-,-,-,-,-
Maša,deklica,94,101,115,102,134,104,102,124,134,179,153,145,139,162,147,168,156,150,164,130,145,113,126,146,197,176,154,143,116,117,75
Mateja,deklica,128,123,106,85,65,56,55,25,30,23,28,14,14,7,13,9,13,5,12,7,-,6,-,10,-,-,-,-,-,-,-
Medea,deklica,-,-,-,-,-,-,-,-,-,-,-,-,-,-,-,-,5,-,-,-,-,-,-,-,-,-,-,-,-,-,-
Medina,deklica,-,6,15,-,-,-,6,-,5,-,-,-,-,-,-,-,-,6,-,-,-,8,-,8,7,8,9,7,8,-,-
Megi,deklica,-,-,-,-,-,7,-,6,6,9,-,-,6,-,7,5,-,-,-,6,-,-,6,6,-,-,-,-,-,-,-
Mei,deklica,-,-,-,-,-,-,-,-,-,-,-,-,-,-,-,-,-,-,-,-,7,-,-,-,-,-,5,-,-,-,-
Melani,deklica,7,7,8,7,11,15,12,14,11,5,12,16,10,10,9,12,9,9,-,8,7,9,11,8,6,-,5,-,-,-,-
Melanie,deklica,-,6,11,7,7,7,9,-,5,-,7,-,5,-,-,6,6,-,5,-,7,-,-,-,-,-,-,-,6,-,-
Melanija,deklica,-,-,-,-,-,-,-,5,-,-,-,-,-,6,7,6,5,-,-,5,-,-,-,8,5,-,-,-,-,-,-
Melek,deklica,-,-,-,-,-,-,-,-,-,-,-,-,-,-,-,-,-,-,-,-,-,-,-,5,-,5,-,-,-,-,7
Melina,deklica,-,-,-,-,-,-,-,-,-,-,-,-,-,-,-,-,-,-,-,-,-,11,7,11,8,6,-,7,9,-,18
Melisa,deklica,12,11,11,18,12,25,18,12,11,13,17,15,16,12,14,10,13,12,11,14,13,11,8,12,10,6,7,13,10,14,9
Melissa,deklica,-,-,-,-,-,-,-,5,5,-,-,-,-,-,-,-,-,-,-,-,-,-,5,-,-,-,-,-,-,-,-
Melita,deklica,17,21,13,9,13,8,10,7,-,8,-,-,-,-,-,-,6,-,5,-,-,-,-,-,-,-,-,-,-,-,-
Merjem,deklica,-,-,-,-,-,-,-,-,-,-,-,-,-,-,-,-,-,-,-,-,-,-,8,6,8,12,8,15,12,16,27
Meta,deklica,24,17,16,16,23,19,21,17,19,21,20,21,16,13,13,23,23,23,24,22,24,17,25,24,23,26,23,30,30,20,17
Metka,deklica,21,21,14,23,14,26,17,13,16,16,17,9,8,5,8,7,10,12,10,11,6,6,10,8,8,5,7,-,7,5,9
Mia,deklica,7,13,-,11,9,10,12,16,8,26,36,28,45,50,47,48,91,93,109,121,148,165,202,174,207,174,216,213,208,202,187
Michelle,deklica,-,-,-,-,8,-,9,9,-,-,-,7,5,-,-,-,-,-,-,6,-,-,-,-,-,-,-,-,-,-,-
Mihaela,deklica,20,17,12,12,12,8,6,17,8,14,9,-,7,-,-,5,7,-,-,-,-,-,-,-,-,-,-,5,-,-,-
Mija,deklica,8,-,7,-,-,-,-,7,6,16,10,10,10,13,20,31,27,35,47,41,59,69,82,76,37,59,70,57,54,54,40
Mila,deklica,-,-,-,-,-,-,-,-,-,-,-,-,-,-,-,6,15,22,30,50,48,61,87,88,89,111,96,113,137,129,138
Milena,deklica,6,-,8,6,-,-,-,-,-,-,-,-,-,-,-,-,-,-,-,-,-,-,-,-,-,-,-,-,-,-,-
Milica,deklica,-,-,-,-,-,-,-,-,-,-,-,-,-,-,-,-,-,-,-,-,-,-,8,8,-,-,7,8,6,12,5
Mina,deklica,-,6,-,-,-,-,-,-,-,-,-,-,-,8,6,7,6,7,11,10,9,14,19,11,20,11,17,20,18,18,15
Minea,deklica,-,-,-,-,-,-,-,-,-,8,6,7,-,11,5,5,6,7,7,-,-,-,-,5,-,-,-,-,-,-,8
Mineja,deklica,-,-,-,-,-,-,-,-,5,7,-,-,-,5,-,-,-,-,-,-,-,-,-,-,-,-,-,-,-,-,-
Minja,deklica,-,-,-,-,-,-,-,-,-,-,-,-,-,-,-,-,-,-,-,-,-,-,-,6,-,-,-,-,-,-,-
Mirela,deklica,-,7,-,-,-,-,-,-,-,-,-,-,-,-,-,-,-,-,-,-,-,-,-,-,-,-,-,-,-,-,-
Mirjam,deklica,-,6,13,-,-,-,9,9,5,7,5,6,5,10,5,-,6,-,9,-,-,-,11,-,-,8,-,-,-,-,-
Miša,deklica,6,-,8,6,-,-,-,7,14,5,5,9,5,7,7,7,-,9,11,10,10,19,10,8,5,15,5,6,7,6,-
Mojca,deklica,79,82,90,69,57,56,48,49,47,41,43,24,31,26,21,21,26,20,22,14,15,-,15,17,9,11,8,7,6,6,-
Monika,deklica,124,145,108,132,109,112,78,67,57,36,41,46,26,23,16,32,16,19,19,16,11,18,15,14,15,10,9,7,11,7,6
Monja,deklica,-,-,6,-,-,-,-,-,-,-,-,-,-,-,-,-,-,-,-,-,-,-,-,-,-,-,-,-,-,-,-
Nadia,deklica,-,-,-,-,-,-,-,-,-,-,-,-,-,-,-,-,-,-,-,-,-,-,5,-,-,-,-,-,6,-,-
Nadija,deklica,-,-,-,-,-,-,-,-,-,-,-,-,-,-,-,-,-,-,-,-,7,-,-,-,-,-,-,5,-,-,-
Nadja,deklica,23,17,16,11,22,10,17,13,22,15,15,9,13,17,12,11,14,11,15,17,14,10,7,15,11,11,14,8,-,11,8
Naida,deklica,-,-,-,-,-,-,-,-,-,-,-,-,-,-,-,-,-,-,-,-,-,-,-,5,6,-,5,5,-,5,-
Naja,deklica,8,-,-,10,9,-,-,7,8,13,30,26,41,45,47,53,72,71,67,73,70,69,70,52,56,36,49,35,46,45,40
Najla,deklica,-,-,-,-,-,-,-,-,-,-,-,-,-,-,-,-,-,-,-,-,-,-,-,-,-,5,-,-,8,-,-
Nala,deklica,-,-,-,-,-,-,-,-,-,-,-,-,-,-,-,-,-,-,-,6,-,-,-,-,-,-,-,5,-,-,6
Nana,deklica,-,-,-,-,-,-,-,-,-,-,5,-,5,-,7,9,10,12,7,7,8,-,7,-,5,5,8,-,-,-,-
Naomi,deklica,-,-,-,-,-,-,-,-,-,-,-,-,-,-,-,-,-,-,-,-,7,6,6,-,6,8,-,6,11,9,9
Nastja,deklica,63,80,82,72,77,74,63,68,59,46,40,27,28,33,24,24,31,14,20,21,12,29,16,18,14,11,12,21,9,16,7
Natalija,deklica,60,35,49,40,33,27,32,26,29,31,26,33,19,18,20,12,22,20,10,15,14,16,9,15,10,8,-,7,5,10,7
Nataša,deklica,47,58,43,40,39,24,25,19,17,17,9,12,10,10,8,12,8,-,5,6,5,8,5,-,-,-,-,7,-,-,-
Nea,deklica,-,-,-,-,-,-,-,-,-,5,6,-,5,12,8,9,8,5,-,5,6,-,-,9,-,5,6,-,-,8,-
Neca,deklica,-,-,-,-,-,-,-,-,-,-,-,-,-,-,-,-,-,-,7,-,-,8,-,-,8,-,6,7,7,-,-
Nedžla,deklica,-,-,-,-,-,-,-,-,-,-,-,-,-,-,-,-,-,-,-,-,-,-,-,-,-,-,-,-,-,-,6
Neja,deklica,24,34,35,30,36,31,33,54,49,65,69,90,97,89,107,126,128,129,123,140,111,90,80,86,81,59,49,60,46,53,42
Nejka,deklica,-,-,-,-,-,-,-,-,6,-,-,-,-,-,-,-,-,-,-,-,-,-,-,-,-,-,-,-,-,-,-
Nejla,deklica,-,-,-,-,-,-,-,-,-,-,6,-,6,5,9,5,9,8,9,9,7,9,10,11,10,9,11,7,9,11,10
Nejra,deklica,-,-,-,-,-,-,-,-,-,-,-,-,-,-,-,-,-,-,-,-,5,5,-,-,-,-,-,-,-,5,-
Nela,deklica,-,-,-,-,-,-,-,-,-,-,-,-,6,-,12,-,-,6,-,5,-,10,8,-,8,6,9,-,8,-,-
Neli,deklica,9,-,8,12,-,7,7,7,18,17,22,27,28,27,54,51,65,48,59,65,53,52,32,44,37,32,27,29,30,26,34
Nelly,deklica,-,-,-,-,-,-,-,-,-,-,-,-,-,-,-,-,-,-,-,6,-,-,5,-,-,-,-,-,-,-,-
Nely,deklica,-,-,-,-,-,-,-,-,-,-,-,-,-,-,-,-,5,-,-,-,-,-,-,-,-,-,-,-,-,-,-
Nena,deklica,-,6,-,-,-,-,-,-,-,-,-,5,7,-,-,-,5,5,7,-,5,-,6,-,-,-,-,-,-,-,-
Neva,deklica,-,-,-,-,-,-,-,-,5,-,5,-,-,-,8,5,8,6,9,-,5,11,7,6,5,5,10,6,-,9,6
Neža,deklica,76,56,82,78,109,92,100,96,103,107,112,129,151,120,161,179,226,201,197,207,216,152,188,162,173,171,112,134,137,130,97
Nežka,deklica,7,-,-,6,-,-,-,-,-,-,5,-,-,-,-,-,-,-,-,-,-,-,-,-,-,-,-,-,-,-,-
Nia,deklica,-,-,-,-,-,-,-,-,-,-,-,6,-,10,11,8,12,14,22,16,27,23,28,18,16,24,22,25,23,29,20
Nicole,deklica,-,-,-,-,-,-,-,-,-,-,-,5,-,-,-,-,7,-,5,-,-,-,-,-,-,-,-,-,-,-,-
Nija,deklica,-,-,-,-,-,-,-,-,-,-,-,-,-,-,-,-,-,-,8,6,8,-,6,7,8,7,-,5,-,7,6
Nika,deklica,137,134,164,158,164,201,280,344,340,317,323,379,323,275,288,238,264,243,241,232,204,208,228,205,173,160,168,147,138,130,125
Nike,deklica,-,-,-,-,-,-,-,-,-,-,-,-,5,-,6,-,-,-,-,-,-,-,-,-,-,-,-,-,-,-,-
Niki,deklica,-,-,-,-,-,-,-,-,-,-,-,-,-,-,6,-,7,-,-,-,-,-,5,7,-,6,-,-,-,-,-
Nikita,deklica,-,-,-,-,-,-,9,9,10,10,-,5,7,10,6,8,15,5,-,5,6,8,-,7,8,-,-,-,-,-,-
Nikolija,deklica,-,-,-,-,-,-,-,-,-,-,-,-,-,-,-,-,-,-,-,-,-,-,-,-,-,5,-,-,-,6,-
Nikolina,deklica,-,-,-,8,-,-,-,11,9,8,12,8,7,10,7,9,16,18,24,34,33,30,27,30,32,22,35,15,18,20,18
Nina,deklica,364,320,294,268,279,255,231,225,265,215,187,166,190,154,161,168,157,153,154,132,115,101,100,105,76,68,76,63,55,55,49
Nisa,deklica,-,-,-,-,-,-,-,-,-,-,-,-,-,-,-,-,-,-,-,-,-,5,-,-,-,-,-,-,-,-,-
Nives,deklica,33,29,24,31,20,19,18,14,13,11,14,13,10,10,15,8,5,6,-,5,-,-,-,-,-,5,5,-,-,-,-
Noa,deklica,-,-,-,-,-,-,-,-,-,-,-,-,-,-,-,-,-,-,-,-,-,-,-,-,-,-,-,-,-,5,-
Noemi,deklica,-,-,-,-,-,-,-,-,-,-,-,-,-,-,-,-,5,6,7,6,8,-,10,5,12,7,7,16,22,17,15
Nola,deklica,-,-,-,-,-,-,-,-,-,-,-,-,-,-,-,-,-,-,-,-,-,-,-,-,-,-,-,6,12,6,9
Nuša,deklica,58,58,68,68,73,49,76,66,104,90,70,78,77,58,67,70,64,67,65,55,38,44,39,39,49,33,27,44,31,32,24
Olivia,deklica,-,-,-,-,-,-,-,-,-,-,-,-,-,-,-,-,-,-,-,-,5,7,7,10,10,10,10,19,13,27,31
Olivija,deklica,-,-,-,-,-,-,-,-,-,-,-,-,-,-,-,-,-,-,-,-,6,-,10,11,13,19,24,32,20,43,43
Olja,deklica,-,-,-,-,-,-,-,-,-,-,-,-,-,-,-,-,-,-,-,-,-,-,-,-,-,-,5,-,-,-,-
Ota,deklica,-,-,-,-,-,-,-,-,-,-,-,-,-,-,-,-,-,7,12,10,16,11,19,15,21,27,30,39,42,45,45
Otja,deklica,-,-,-,-,-,-,-,-,-,-,-,-,-,-,-,-,-,-,-,-,-,-,-,-,-,-,-,-,-,-,5
Patricia,deklica,11,13,18,15,17,19,14,14,5,15,13,5,5,7,-,8,8,6,9,-,5,-,-,5,-,-,-,-,-,-,-
Patricija,deklica,75,75,95,92,128,98,96,72,93,67,73,42,45,41,49,42,35,30,25,25,21,25,30,21,19,16,19,6,6,15,9
Paula,deklica,-,-,-,-,-,-,-,-,-,-,-,-,-,-,-,-,-,-,-,-,-,-,5,-,-,-,-,-,-,-,-
Paulina,deklica,-,-,-,-,-,-,-,-,-,-,-,-,-,-,-,5,-,-,7,-,-,-,-,8,6,7,12,9,7,10,14
Pavlina,deklica,-,-,-,-,-,-,-,-,-,-,-,-,-,-,-,-,-,-,9,-,-,5,-,-,8,5,8,5,7,6,7
Petja,deklica,-,-,-,-,-,-,-,-,13,12,10,-,7,8,6,9,5,8,9,5,6,5,7,6,-,5,-,-,-,5,-
Petra,deklica,196,177,154,119,143,110,88,91,81,70,42,34,46,50,31,22,15,15,24,17,13,14,19,12,13,7,6,6,7,5,-
Pia,deklica,29,31,39,43,51,54,55,59,65,92,102,90,102,98,97,97,131,139,118,91,89,66,83,46,38,36,42,54,46,46,28
Pija,deklica,-,-,-,6,9,-,7,10,17,14,5,8,11,13,13,15,24,19,15,15,17,15,16,15,12,6,9,9,5,8,7
Pika,deklica,-,-,-,-,-,-,-,8,16,13,17,19,22,16,19,25,25,30,26,30,29,40,26,32,45,35,31,35,47,38,72
Pina,deklica,6,-,-,-,-,-,-,-,-,6,6,-,6,-,6,5,8,9,-,-,6,-,8,5,8,7,5,6,5,6,16
Polona,deklica,57,47,43,42,45,45,29,31,21,14,14,16,14,14,11,11,15,13,12,13,20,9,12,6,11,6,9,6,5,6,6
Polonca,deklica,9,7,-,-,-,-,-,5,-,-,-,-,-,-,-,-,-,-,-,-,-,-,-,-,-,-,-,-,-,-,-
Rea,deklica,-,-,-,-,-,-,-,-,-,-,-,-,-,-,-,-,-,-,-,-,-,-,5,-,-,-,-,-,5,-,8
Rebeka,deklica,37,32,42,44,49,61,50,46,36,50,38,47,44,36,43,28,34,32,26,26,26,21,27,25,27,19,19,21,12,13,10
Reina,deklica,-,-,-,-,-,-,-,-,-,-,-,-,-,-,-,-,-,-,-,-,-,-,-,-,-,-,-,-,6,-,-
Renata,deklica,15,12,-,7,-,-,9,-,-,-,-,-,-,-,-,-,-,-,-,-,-,-,-,-,-,-,-,-,-,-,-
Ria,deklica,-,-,-,-,-,-,-,-,-,-,-,-,-,-,-,-,-,-,-,5,5,-,-,-,-,-,-,-,-,-,9
Rina,deklica,-,-,-,-,-,-,-,-,-,-,-,5,-,-,-,-,-,-,-,-,-,-,-,7,-,-,-,-,-,-,5
Romana,deklica,16,11,8,11,10,-,-,-,-,5,-,-,-,-,-,-,-,-,-,-,-,-,-,-,-,-,-,-,-,-,-
Ronja,deklica,-,-,-,-,-,-,-,-,-,-,-,-,-,-,5,-,6,8,10,7,5,15,10,9,16,7,12,15,8,15,11
Rosa,deklica,-,-,-,-,-,-,-,-,-,-,-,-,-,-,-,-,-,-,-,-,-,-,-,-,-,-,5,-,-,5,-
Rubi,deklica,-,-,-,-,-,-,-,-,-,-,-,-,-,-,-,-,-,5,12,6,8,8,11,10,9,-,8,11,11,25,13
Ruby,deklica,-,-,-,-,-,-,-,-,-,-,-,-,-,-,-,-,-,-,-,5,5,-,-,-,-,-,-,-,-,-,-
Sabina,deklica,90,84,76,64,62,59,29,25,28,23,21,16,8,11,-,12,8,-,-,-,-,-,-,-,-,-,-,-,-,-,-
Sabrina,deklica,6,6,7,-,8,7,-,5,-,-,-,-,-,6,-,-,-,-,-,-,6,-,-,-,-,-,-,-,-,-,-
Sajra,deklica,-,-,-,-,-,-,-,-,-,-,-,-,-,-,-,-,-,-,-,-,-,-,-,7,-,-,-,-,-,8,-
Samanta,deklica,-,29,21,16,10,19,15,9,9,8,5,8,-,6,-,-,9,9,5,6,-,6,7,6,-,-,5,-,-,-,-
Samantha,deklica,-,-,9,-,-,-,6,-,-,-,-,-,-,-,-,-,-,-,-,-,-,-,-,-,-,-,-,-,-,-,-
Sandra,deklica,81,74,59,59,28,33,23,18,24,17,16,13,15,7,7,6,6,8,8,7,-,6,-,-,-,-,-,-,-,-,-
Sanela,deklica,-,-,8,-,-,-,-,6,-,-,-,-,-,-,-,-,-,-,-,-,-,-,-,-,-,-,-,-,-,-,-
Sanja,deklica,66,65,54,45,37,28,24,22,22,19,14,19,23,16,20,13,21,15,14,14,16,18,11,8,10,7,6,8,6,6,5
Sara,deklica,277,271,248,256,290,263,278,266,249,253,238,248,227,248,258,289,311,267,253,276,241,264,222,220,188,189,182,164,130,129,106
Sarah,deklica,7,9,-,7,-,-,9,-,6,-,8,-,-,5,-,-,-,6,6,6,-,5,-,6,-,7,-,-,-,8,7
Saša,deklica,87,62,55,76,37,44,50,43,33,32,31,28,18,17,28,19,18,16,17,14,16,12,5,8,11,-,-,-,-,-,-
Saška,deklica,-,6,-,-,-,-,-,-,-,-,-,-,-,-,-,-,-,-,-,-,-,-,-,-,-,-,-,-,-,-,-
Selena,deklica,-,-,-,-,-,-,-,-,-,-,-,-,-,-,-,-,-,-,-,6,-,-,-,7,-,-,-,-,-,6,-
Selina,deklica,-,-,-,-,-,-,-,-,-,-,-,-,6,-,-,-,-,6,-,-,6,-,-,-,-,-,-,-,-,-,-
Selma,deklica,6,-,6,6,7,-,-,-,-,-,10,6,-,-,-,-,-,6,5,8,-,-,-,-,-,-,-,-,-,-,-
Sergeja,deklica,8,10,13,12,-,9,16,10,8,10,-,-,5,7,-,-,-,-,-,-,-,-,-,-,-,-,-,-,-,-,-
Sia,deklica,-,-,-,-,-,-,-,-,-,-,-,-,-,-,-,-,-,-,-,-,-,-,-,5,-,24,45,40,42,47,36
Siara,deklica,-,-,-,-,-,-,-,-,-,-,-,-,-,-,-,-,-,-,-,-,-,-,-,-,-,-,-,-,-,5,-
Sija,deklica,-,-,-,-,-,-,-,-,-,-,-,-,-,-,-,-,-,-,-,-,-,-,-,-,-,8,12,16,12,7,8
Silvija,deklica,-,7,-,-,-,-,-,-,-,-,-,-,-,-,-,-,-,-,-,-,-,-,-,-,-,-,-,-,-,-,-
Simona,deklica,54,39,44,26,31,20,22,9,10,11,5,-,10,-,-,-,-,-,-,-,-,-,-,-,-,-,-,-,-,-,-
Slaðana,deklica,8,-,-,-,-,-,-,-,-,-,-,-,-,-,-,-,-,-,-,-,-,-,-,-,-,-,-,-,-,-,-
Sofia,deklica,-,-,-,-,-,-,-,-,-,-,-,-,-,-,-,5,13,8,12,21,39,33,49,57,70,88,73,78,100,97,106
Sofija,deklica,-,-,-,-,-,-,-,-,-,-,-,-,-,8,9,13,7,22,28,32,57,55,62,86,102,109,133,146,152,159,112
Sonja,deklica,18,10,11,-,8,8,7,6,8,-,-,-,-,-,-,-,-,-,-,-,-,5,-,-,-,-,-,-,-,5,-
Sophia,deklica,-,-,-,-,-,-,-,-,-,-,-,-,-,-,-,-,-,-,-,-,-,-,-,-,-,5,-,-,-,-,-
Staša,deklica,16,13,7,15,10,14,15,11,7,11,10,15,21,11,15,8,13,11,9,-,8,7,10,7,6,-,-,5,-,-,9
Stela,deklica,-,-,-,-,-,-,-,-,6,10,-,-,11,8,14,12,14,20,16,21,23,16,26,23,23,24,11,21,15,17,16
Stella,deklica,-,-,-,-,-,-,-,5,-,-,-,6,9,9,12,8,18,19,24,12,18,23,15,21,20,27,28,23,28,23,16
Suela,deklica,-,-,-,-,-,-,-,-,-,-,-,-,-,-,-,-,-,-,-,-,-,5,-,-,-,-,-,-,-,-,-
Sumeja,deklica,-,-,-,-,-,-,-,-,-,-,-,-,-,-,-,-,-,-,-,-,-,-,5,-,10,-,7,-,7,9,5
Sureja,deklica,-,-,-,-,-,-,-,-,-,-,-,-,-,-,-,-,-,-,-,-,-,-,-,-,-,-,-,-,5,-,-
Suzana,deklica,37,34,25,25,29,20,13,12,10,10,10,-,-,-,-,-,10,-,-,-,-,-,-,-,-,-,-,-,-,-,-
Šejla,deklica,-,-,-,-,-,-,-,-,5,-,-,-,5,-,-,7,5,-,-,-,-,-,6,-,-,-,-,-,-,-,-
Šejma,deklica,-,-,-,-,-,-,-,-,-,-,-,-,-,-,-,-,-,-,-,-,-,-,-,-,-,-,-,-,5,-,-
Špela,deklica,220,250,228,229,197,179,177,172,150,134,127,115,105,111,107,101,113,94,80,93,94,64,53,58,31,38,23,23,19,17,15
Tadeja,deklica,61,69,49,53,28,30,35,31,24,21,18,16,8,13,9,14,12,8,5,8,-,-,-,-,-,-,-,-,-,-,-
Taira,deklica,-,-,-,-,-,-,-,-,-,-,-,-,-,-,-,-,-,-,-,-,5,-,-,-,-,-,-,6,-,5,-
Taja,deklica,27,21,22,24,24,28,36,38,40,46,67,58,70,71,96,99,108,135,116,101,102,87,89,68,72,64,52,49,45,36,34
Tajda,deklica,17,29,26,36,42,36,40,23,33,32,27,26,27,23,19,29,13,25,27,26,26,22,23,18,14,9,12,8,9,13,10
Tajra,deklica,-,-,-,-,-,-,-,-,-,-,-,-,-,-,-,-,-,6,9,5,6,5,6,-,6,-,-,6,7,9,6
Tamara,deklica,115,108,95,103,89,88,67,78,52,42,51,45,34,31,35,28,30,15,29,24,29,16,16,18,14,13,11,18,9,5,7
Tanaja,deklica,-,-,-,-,-,-,-,-,-,-,-,6,-,-,7,-,14,10,8,12,6,9,9,7,9,10,-,-,-,-,-
Tanja,deklica,101,79,75,73,60,53,46,46,24,32,28,14,15,18,14,14,10,10,9,6,11,10,10,5,-,-,-,-,-,-,-
Tara,deklica,12,10,12,16,12,23,30,29,35,26,22,33,26,38,37,52,67,60,51,45,52,40,33,58,62,70,70,61,67,66,54
Taša,deklica,-,-,-,-,-,-,-,-,6,9,-,9,-,-,-,-,-,-,-,-,-,7,-,-,-,-,-,-,-,-,-
Tatjana,deklica,7,11,7,7,11,13,-,-,-,-,-,-,-,-,-,-,-,-,-,-,-,-,-,-,-,-,-,-,-,-,-
Taya,deklica,-,-,-,-,-,-,-,-,-,-,-,-,-,-,-,-,-,6,6,-,6,-,-,-,-,-,-,-,-,-,-
Tayra,deklica,-,-,-,-,-,-,-,-,-,-,-,-,-,-,-,-,-,-,-,-,-,-,-,-,-,-,6,-,-,-,-
Tea,deklica,43,41,46,42,38,39,28,25,26,31,32,35,30,31,32,25,19,22,28,30,16,21,17,18,17,16,13,12,10,17,8
Teja,deklica,71,80,73,84,88,74,70,77,75,69,68,71,72,60,56,61,74,67,62,61,60,58,40,40,44,30,33,35,8,9,17
Teodora,deklica,-,-,-,-,-,-,-,-,-,-,-,-,-,-,-,-,-,10,7,6,11,10,14,7,15,15,18,15,18,13,24
Tereza,deklica,-,-,-,-,-,-,-,-,5,-,-,-,5,-,6,-,8,-,-,-,5,-,-,-,13,5,5,10,9,10,14
Tesa,deklica,-,-,-,-,-,-,-,-,-,-,-,-,-,-,-,-,-,-,-,-,5,-,-,-,8,-,6,6,-,5,5
Tessa,deklica,-,-,-,-,-,-,-,-,-,-,-,-,-,-,-,-,-,-,-,-,-,-,-,-,-,-,5,-,-,-,-
Tia,deklica,-,-,-,-,8,7,17,17,24,39,46,60,68,83,95,94,116,113,93,104,81,66,71,61,68,63,58,53,39,41,32
Tiana,deklica,-,-,-,-,-,-,-,-,-,5,10,9,11,20,11,11,12,26,15,26,21,21,10,11,12,-,8,5,7,10,8
Tiara,deklica,-,-,-,-,-,-,-,-,-,-,-,5,-,-,-,7,10,9,7,10,6,11,13,6,8,-,-,-,12,5,6
Tija,deklica,-,-,-,-,-,-,-,8,8,12,15,18,21,25,39,41,49,38,38,26,42,21,24,18,26,24,20,15,20,14,8
Tijana,deklica,-,-,-,6,-,-,-,-,8,10,10,10,10,13,18,14,11,17,20,13,17,14,13,20,12,7,11,8,5,12,7
Timeja,deklica,-,-,-,-,-,-,-,-,-,5,7,-,5,5,-,7,-,6,-,-,-,-,5,-,-,-,-,-,-,-,-
Tina,deklica,222,199,205,190,176,170,153,135,130,119,88,88,87,68,68,70,77,50,59,63,64,57,46,49,33,32,34,29,17,20,16
Tinka,deklica,-,-,-,-,-,-,-,-,-,-,-,-,-,-,8,8,5,6,8,6,6,5,-,7,-,5,-,7,-,9,-
Tinkara,deklica,6,-,10,14,16,14,44,67,52,46,67,75,58,61,66,70,64,69,102,87,87,91,88,101,75,78,85,68,57,50,54
Tisa,deklica,-,-,-,-,-,-,-,-,5,5,-,-,11,16,11,14,25,30,29,26,20,31,23,27,35,17,23,23,30,25,28
Tita,deklica,-,-,-,-,-,-,-,-,-,-,-,5,-,-,5,-,5,-,7,8,6,-,-,7,-,-,-,5,5,-,-
Tjaša,deklica,284,279,258,248,263,256,236,216,226,169,186,132,148,119,124,116,124,99,80,61,62,68,48,41,33,31,31,21,24,20,20
Tonja,deklica,-,-,-,-,-,-,-,-,-,-,-,-,-,-,6,-,-,-,6,-,5,-,-,-,-,-,-,-,-,-,-
Trina,deklica,-,-,-,-,-,-,-,-,-,-,-,-,5,-,-,-,8,-,19,6,7,13,11,5,7,12,6,6,-,6,6
Tuana,deklica,-,-,-,-,-,-,-,-,-,-,-,-,-,-,-,-,-,-,-,-,-,-,-,-,-,-,5,-,-,-,-
Ula,deklica,-,11,17,11,15,17,15,12,22,13,34,27,24,44,46,42,53,61,84,86,94,68,77,79,79,83,74,69,73,72,68
Uma,deklica,-,-,-,-,-,-,-,-,-,-,-,-,-,5,6,-,5,7,5,7,7,6,-,-,8,7,6,-,6,-,5
Una,deklica,-,-,-,-,-,-,-,-,-,-,-,-,-,-,-,-,-,-,-,-,-,-,6,8,11,13,12,22,18,19,27
Urša,deklica,68,76,71,71,68,58,50,49,61,35,26,35,18,31,16,14,14,15,16,12,13,9,-,5,-,-,-,-,-,-,-
Urška,deklica,227,221,221,201,213,171,143,132,115,103,85,57,74,39,40,55,42,43,43,38,20,23,20,17,14,11,6,5,10,9,-
Uršula,deklica,-,-,7,-,-,-,-,-,-,-,-,5,-,-,-,-,-,-,-,-,-,-,-,-,-,-,-,-,-,-,-
Valentina,deklica,64,74,86,69,64,54,50,44,47,28,26,39,38,33,37,28,24,19,40,42,39,34,25,23,20,29,50,26,22,18,24
Valerija,deklica,19,20,23,17,16,23,12,10,10,17,8,7,9,13,-,-,5,-,8,-,-,8,-,-,-,-,6,-,6,-,7
Vanesa,deklica,13,18,22,19,17,17,33,20,28,22,29,18,25,20,20,13,25,20,11,11,10,13,10,9,11,9,5,7,-,-,-
Vanessa,deklica,-,11,-,9,-,-,17,17,12,8,16,10,5,7,10,6,6,5,-,5,9,9,6,9,-,5,-,-,-,-,-
Vanja,deklica,29,36,24,27,22,20,21,15,14,16,6,11,7,8,9,5,10,9,6,11,8,7,10,-,6,5,-,-,5,-,-
Vera,deklica,-,-,-,-,-,-,-,-,-,-,-,-,-,-,-,-,-,-,-,-,-,-,-,-,-,-,-,-,-,5,-
Veronika,deklica,40,67,67,45,57,50,61,56,57,37,42,29,37,29,42,28,35,40,32,34,25,30,27,23,21,20,26,18,21,18,15
Vesna,deklica,49,55,43,45,39,24,25,28,26,22,17,16,14,15,17,15,11,14,13,17,17,9,17,12,8,17,8,7,7,8,-
Victoria,deklica,-,-,-,-,-,-,-,-,-,-,-,-,-,-,-,-,-,-,-,-,-,-,-,-,-,-,-,5,-,8,7
Vida,deklica,9,-,6,7,-,7,9,6,-,5,-,6,8,-,9,6,9,5,9,9,10,14,7,6,7,11,11,11,8,16,17
Viktoria,deklica,-,-,-,-,-,-,-,-,-,-,-,-,-,-,-,-,-,-,-,-,-,6,6,11,10,10,11,14,13,12,9
Viktorija,deklica,15,10,12,11,7,8,8,22,25,25,13,11,14,12,11,9,13,10,17,18,23,21,35,26,26,48,30,31,33,43,41
Violeta,deklica,-,-,-,-,-,-,-,-,-,-,-,-,-,-,-,-,-,-,-,-,-,-,-,-,-,-,6,-,-,-,-
Vita,deklica,14,11,16,16,11,21,21,20,37,26,35,38,47,55,49,74,73,88,88,69,88,103,107,112,107,113,129,135,116,145,118
Zala,deklica,37,47,34,57,60,106,114,99,116,156,140,130,162,143,174,199,220,214,197,216,178,190,207,240,292,268,241,272,217,219,174
Zana,deklica,-,-,-,-,-,-,-,-,-,-,-,-,-,-,-,5,5,-,9,-,-,-,-,5,6,-,-,-,-,-,-
Zara,deklica,-,-,-,-,-,-,-,-,7,-,6,11,16,16,33,36,41,31,39,47,46,43,46,47,53,78,64,59,52,29,67
Zarja,deklica,-,-,-,-,-,9,6,10,7,16,19,29,24,27,39,41,50,59,54,67,65,70,77,81,88,80,101,85,82,114,77
Zoe,deklica,-,-,-,-,-,-,-,-,-,-,-,-,-,-,-,-,-,-,-,-,-,-,-,-,-,-,5,-,-,6,-
Zoja,deklica,-,-,-,-,-,-,6,8,10,15,19,49,66,95,107,115,151,164,152,170,179,172,179,147,161,169,144,149,120,116,97
Zora,deklica,-,-,-,-,-,-,-,-,-,-,-,-,-,-,-,-,-,-,-,-,-,-,-,-,-,6,-,-,-,-,-
Zoya,deklica,-,-,-,-,-,-,-,-,-,-,6,-,-,-,-,-,-,5,8,-,-,-,-,-,-,-,-,-,-,-,-
Žana,deklica,12,10,13,14,8,21,24,25,29,21,20,26,26,39,50,93,125,102,85,99,86,81,81,71,48,55,49,42,35,35,27
Žanet,deklica,-,-,-,6,-,-,-,-,-,-,5,-,6,-,-,7,-,-,-,-,-,-,5,6,-,-,-,-,-,-,-
Žanin,deklica,-,-,-,-,-,-,-,-,-,-,-,-,-,-,-,-,5,-,-,-,-,-,8,-,-,-,-,-,-,-,-
Živa,deklica,28,25,31,32,36,41,47,35,41,51,56,99,80,141,118,123,121,102,107,98,100,80,76,76,73,59,50,44,71,47,43
